time, velx, angvely, angvelz, posx, posy, posz, torqx, torqy, torqz
1e-05, 3.98257192846609, 5055.27628109193, 0, 4.61006105246729e-05, 0, 0.00399995367738781, 0, 3.41425500299885e-05, 0
2e-05, 3.5738517070218, 5972.33827137376, 0, 8.2171024139197e-05, 0, 0.00399925748210618, 0, -2.85063463513581e-05, 0
3e-05, 4.05798674073536, -888.396416566871, 0, 0.000120981523936986, 0, 0.00399790213041503, 0, -2.47025623388668e-05, 0
4e-05, 3.25138256862865, -744.093237851993, 0, 0.000158257175138117, 0, 0.00399625257997031, 0, 1.92872895460237e-05, 0
5e-05, 2.78836099809895, 2265.33491367518, 0, 0.000187532398500946, 0, 0.00399450124638659, 0, 5.24108011462853e-06, 0
6e-05, 2.69913451461336, 1241.39154112206, 0, 0.00021515970582346, 0, 0.0039933853310406, 0, -1.23341508352058e-05, 0
7e-05, 2.55924949392808, -1131.04400651607, 0, 0.000241184904051383, 0, 0.00399070653950535, 0, -8.93996543999204e-06, 0
8e-05, 2.57438552781338, -689.16301225246, 0, 0.000267161346323703, 0, 0.00398851235127051, 0, 1.52209595758394e-05, 0
9e-05, 1.84389406533396, 2724.24659972305, 0, 0.000289639854727091, 0, 0.00398798367234043, 0, 9.66153720505142e-06, 0
0.0001, 1.72394668774602, 308.897772149255, 0, 0.000306514770543403, 0, 0.00399040441874032, 0, -3.16478951358757e-05, 0
0.00011, 2.10643417055996, -4509.89956631598, 0, 0.000326204215163889, 0, 0.00399133467237456, 0, -5.26451859501725e-06, 0
0.00012, 1.43304925982114, -1092.66222563516, 0, 0.000344529870745428, 0, 0.00399078901777606, 0, 2.94428318266713e-05, 0
0.00013, 1.23224767211825, 1413.14112886584, 0, 0.00035666622904315, 0, 0.00398959602631888, 0, -9.72269332272191e-06, 0
0.00014, 2.01376147055331, -2524.91884875387, 0, 0.000372706609460355, 0, 0.00398701097140075, 0, -1.78221733016184e-05, 0
0.00015, 2.2700359512426, -1706.59589857813, 0, 0.000394817268407388, 0, 0.00398482180361468, 0, 2.65865747582887e-05, 0
0.00016, 2.07035748913327, 4260.23119940776, 0, 0.000416520289583315, 0, 0.00398008241105416, 0, 2.30908664129249e-05, 0
0.00017, 2.3473869943533, 4163.37123989418, 0, 0.000438006889355296, 0, 0.0039768990950437, 0, -2.26197369644571e-05, 0
0.00018, 2.99996879583193, -433.167052270158, 0, 0.000464931389219078, 0, 0.00397699668792624, 0, -1.19440378069491e-05, 0
0.00019, 2.63362258781442, 1759.94831340101, 0, 0.00049422040700791, 0, 0.00397587428966913, 0, 2.83093493238986e-05, 0
0.0002, 1.93474510536902, 5119.29160660255, 0, 0.000516316694568996, 0, 0.00397333477144238, 0, -4.59803771936312e-06, 0
0.00021, 2.34665787432589, 582.114218565172, 0, 0.000537202058704125, 0, 0.00397025184561868, 0, -2.93555361590232e-05, 0
0.00022, 2.18186560223843, -1103.89727658501, 0, 0.000560999930971744, 0, 0.0039632320040389, 0, 1.50949719761475e-05, 0
0.00023, 1.45952283138468, 3238.30867794079, 0, 0.000578752461145974, 0, 0.00395518862411723, 0, 1.76402168765673e-05, 0
0.00024, 1.34606771748783, 3274.68302781683, 0, 0.000592392799124556, 0, 0.00394790175541341, 0, -1.450931618141e-05, 0
0.00025, 1.39832301506504, 213.362423661437, 0, 0.000606066583694402, 0, 0.00394128405570588, 0, -1.1703083458267e-05, 0
0.00026, 1.00363342621211, -290.545287040064, 0, 0.000618629836914579, 0, 0.00394503059367072, 0, 6.16036168093584e-06, 0
0.00027, 0.232063090171031, 1725.8262216399, 0, 0.000625159884701996, 0, 0.00394523366094344, 0, 9.75483650025415e-06, 0
0.00028, -0.439046388410655, 834.095803094496, 0, 0.000624092241980636, 0, 0.00394833174822575, 0, -2.28661507286028e-05, 0
0.00029, -0.410930558429266, -4807.48085650124, 0, 0.000619167965945696, 0, 0.00395007853755498, 0, -2.20929478280372e-05, 0
0.0003, -0.821047368467153, -3666.46650739944, 0, 0.000614242593683042, 0, 0.00394957936539922, 0, 3.15423062797235e-05, 0
0.00031, -1.84245102251794, 1385.02128183143, 0, 0.00060018911720693, 0, 0.00395064898795592, 0, 3.77109715254677e-06, 0
0.00032, -1.12925999986314, -3106.49644379756, 0, 0.000584773063909138, 0, 0.00395695118880798, 0, -3.52397311690505e-05, 0
0.00033, -0.682120466431339, -4944.94313436942, 0, 0.000576996108917803, 0, 0.00396205453647411, 0, 2.33895082330203e-05, 0
0.00034, -1.56934444291354, 1762.33699583551, 0, 0.000565620013625636, 0, 0.0039701574048574, 0, 2.65946445023304e-05, 0
0.00035, -1.28224831781423, 1195.4383057176, 0, 0.000550174097224748, 0, 0.00397322777801367, 0, -2.67162268843969e-05, 0
0.00036, -0.718775192192949, -2937.2926666236, 0, 0.000540832084268193, 0, 0.00397207433524285, 0, -4.81202025115615e-06, 0
0.00037, -1.13707413082785, -600.322640654102, 0, 0.000531779118243148, 0, 0.00397368258192308, 0, 2.02814684958812e-05, 0
0.00038, -1.2058093191457, 1628.87359480969, 0, 0.000519557344731595, 0, 0.00397354162842381, 0, 8.88546234116287e-09, 0
0.00039, -0.885089406593612, 82.9347939344647, 0, 0.000508937438632294, 0, 0.00397472866434506, 0, -1.23070910628263e-05, 0
0.0004, -0.777908432124953, -1506.6734118713, 0, 0.000500549084915296, 0, 0.00397748895359631, 0, -7.46878808896831e-08, 0
0.00041, -0.648869404772803, 1008.45502687483, 0, 0.000493371415085955, 0, 0.00397383144558457, 0, 2.42984221581442e-05, 0
0.00042, -1.13055674828393, 4709.98973786365, 0, 0.000484478666219327, 0, 0.00397496869935958, 0, 4.24815940882418e-06, 0
0.00043, -1.00054029593511, 1487.3350947939, 0, 0.000473104389755706, 0, 0.00397534782674551, 0, -3.01058398533326e-05, 0
0.00044, -0.817655797505803, -1725.83386458091, 0, 0.000464474906899011, 0, 0.0039741593971393, 0, 5.90537820107941e-06, 0
0.00045, -1.96713336493334, 2263.32390638238, 0, 0.000451191392482478, 0, 0.00397629369454235, 0, 2.08225610211106e-05, 0
0.00046, -2.57689338049944, 1476.42281520593, 0, 0.000427218544591317, 0, 0.003975112480591, 0, -2.98385924375839e-05, 0
0.00047, -2.18671403910333, -4697.68200193842, 0, 0.000403509056180589, 0, 0.00397539298367447, 0, -1.87889043005916e-05, 0
0.00048, -2.78918651381546, -3220.12029544443, 0, 0.000378884789019679, 0, 0.00397986373807709, 0, 2.7504411535517e-05, 0
0.00049, -3.59943738913358, 758.692059590264, 0, 0.000346282528689799, 0, 0.00398805074477578, 0, 3.03842888904868e-06, 0
0.0005, -3.31557610746156, -2294.79704932713, 0, 0.000310676511728516, 0, 0.00399057216835333, 0, -2.57698827911233e-05, 0
0.00051, -3.26437089767848, -4769.76926261234, 0, 0.000278370191417328, 0, 0.00399619981292169, 0, 6.59955836232774e-06, 0
0.00052, -3.78103096483112, -884.207256495124, 0, 0.000243473874293547, 0, 0.00400060197554553, 0, 2.33687927459383e-05, 0
0.00053, -4.06483250174489, 160.711867299939, 0, 0.000203401220735151, 0, 0.00400526891166691, 0, -1.64343393039535e-05, 0
0.00054, -3.6561759959639, -4825.18181124129, 0, 0.000164565769557042, 0, 0.00401074569360892, 0, -2.28841389078172e-05, 0
0.00055, -3.64579369189319, -5083.35901370304, 0, 0.000128758553079494, 0, 0.00400847036643654, 0, 1.98094516050918e-05, 0
0.00056, -3.93299232689203, -632.707428465348, 0, 9.05218221601764e-05, 0, 0.00400905631864186, 0, 1.56157180975355e-05, 0
0.00057, -3.42270003711105, -811.15920431203, 0, 5.31567019889626e-05, 0, 0.00400665095057433, 0, -1.33543007803517e-05, 0
0.00058, -2.80532326152248, -2793.86651972847, 0, 2.23778847820426e-05, 0, 0.00401067898194692, 0, -8.74738919134871e-07, 0
0.00059, -2.5403622115793, -470.964456126705, 0, -4.16659593151685e-06, 0, 0.00401318670056117, 0, 2.21540827333318e-05, 0
0.0006, -2.50351557558855, 3402.70974982017, 0, -2.90426177305724e-05, 0, 0.00400811754992875, 0, 1.11806403643426e-05, 0
0.00061, -2.37421027497776, 2014.44940514842, 0, -5.3819584193532e-05, 0, 0.00400992639286402, 0, -2.41647119499986e-05, 0
0.00062, -1.79697711720064, -2237.33123949407, 0, -7.46337602356268e-05, 0, 0.00401067240707132, 0, -7.42730872960365e-06, 0
0.00063, -2.22775580317244, 900.466377498607, 0, -9.34929113547987e-05, 0, 0.00401156674360868, 0, 3.10252495823764e-05, 0
0.00064, -2.91640427678168, 3269.06067919527, 0, -0.000120296374119825, 0, 0.00401117689810691, 0, -1.77823246995421e-05, 0
0.00065, -2.07524722360192, -3365.69231378265, 0, -0.000145898413789802, 0, 0.00400724527388644, 0, -3.07349062672368e-05, 0
0.00066, -2.21387492871239, -2575.78084379314, 0, -0.000165473788636365, 0, 0.00400347454027161, 0, 3.64546710343934e-05, 0
0.00067, -3.196595194251, 3670.54223828971, 0, -0.000193487718368668, 0, 0.00400164501015815, 0, 9.48075397332851e-06, 0
0.00068, -2.6091344988089, 0.446231645907925, 0, -0.000223411959270173, 0, 0.00400324275787495, 0, -3.37021475866489e-05, 0
0.00069, -2.66586351747747, -3360.51401751953, 0, -0.000248338807931715, 0, 0.00400080827755542, 0, 3.47000304917845e-06, 0
0.0007, -3.41260723167673, -1176.22747577734, 0, -0.000279255218365602, 0, 0.00399605074706368, 0, 9.44269327688207e-06, 0
0.00071, -3.43119784729507, -1203.30717594862, 0, -0.000313816212537725, 0, 0.0039958999688468, 0, -7.81200840977762e-06, 0
0.00072, -3.72490564247276, -3425.56024954679, 0, -0.000349200120874988, 0, 0.00399267110912641, 0, -1.49904887874365e-05, 0
0.00073, -3.35443582041589, -5817.94609393411, 0, -0.000385294408246694, 0, 0.00399313618177284, 0, -3.32196636068535e-06, 0
0.00074, -3.13288807331109, -2937.89160121841, 0, -0.00041683259779301, 0, 0.00398940970683114, 0, 2.9556713677323e-05, 0
0.00075, -3.31950270606646, 714.569772374294, 0, -0.000449774504114016, 0, 0.00397915849824697, 0, -3.4258391526106e-06, 0
0.00076, -2.24297645179134, -3491.77132671435, 0, -0.000478863363739166, 0, 0.00397173474406272, 0, -2.43504019453475e-05, 0
0.00077, -1.6877613767864, -2771.6100993421, 0, -0.000496794916109093, 0, 0.0039664600446421, 0, 3.33915494040318e-05, 0
0.00078, -2.33239389569531, 3717.26793915437, 0, -0.000517765002455362, 0, 0.00396458086556989, 0, 1.49832458585682e-05, 0
0.00079, -1.32236547467424, 681.288261054337, 0, -0.000536985170448327, 0, 0.00396070254775447, 0, -3.55472248410915e-05, 0
0.0008, -0.961224485281405, -3546.25610334428, 0, -0.00054595245732466, 0, 0.00395497446387486, 0, 1.56717962110272e-06, 0
0.00081, -1.0337934381619, 268.35341424661, 0, -0.000556014090549179, 0, 0.00395836728272471, 0, 2.69602563498227e-05, 0
0.00082, -0.941627239188472, 2917.328270899, 0, -0.000566807073706909, 0, 0.00396381232732143, 0, -3.3488146364147e-06, 0
0.00083, -0.140426392605607, 114.405628599757, 0, -0.000572309917704277, 0, 0.00396574538281768, 0, -1.77547494903132e-05, 0
0.00084, 0.2347193207741, -604.288671022219, 0, -0.000571856429347973, 0, 0.00396970241685219, 0, 1.4481141849707e-05, 0
0.00085, 0.0443769517385871, 3961.07979790027, 0, -0.000569767854786836, 0, 0.00397148899178896, 0, 2.15230603508796e-05, 0
0.00086, 0.066094506109854, 3848.07372757209, 0, -0.000570170084422425, 0, 0.00396868556091675, 0, -2.34151713762688e-05, 0
0.00087, 0.514932412053884, -1165.63653606287, 0, -0.000567275743481044, 0, 0.00396972544079013, 0, -1.53949633870157e-05, 0
0.00088, -0.0728142319156631, -159.028243508288, 0, -0.000563673371047768, 0, 0.00396883666580952, 0, 1.88835001008136e-05, 0
0.00089, -0.6137991307965, 1826.82704313981, 0, -0.000567556596659888, 0, 0.00397012281907427, 0, -5.03176323398618e-06, 0
0.0009, -0.340139935732978, -1455.78596094128, 0, -0.000572487338488054, 0, 0.00397307438140117, 0, -2.19976692583791e-05, 0
0.00091, -0.487709509949897, -4140.45125957656, 0, -0.000575399460653463, 0, 0.00396751142920033, 0, -2.64835138165642e-06, 0
0.00092, -0.204510751753581, -2071.82293867583, 0, -0.000578999724425499, 0, 0.00396826956090998, 0, 2.23908017149438e-05, 0
0.00093, -0.584495336793174, 1791.25689394003, 0, -0.000582462382728206, 0, 0.00396516463686656, 0, 7.90847063736871e-06, 0
0.00094, -0.325962824128098, -949.982430952678, 0, -0.000587371668980298, 0, 0.00396532583566764, 0, -3.01965259298071e-05, 0
0.00095, 0.735892151340898, -4008.32126322877, 0, -0.000584610078191361, 0, 0.00396904368495012, 0, 1.10573083776166e-05, 0
0.00096, -0.160505184346421, 1683.97112222368, 0, -0.000580722674685021, 0, 0.00396980437931812, 0, 2.91322420792976e-05, 0
0.00097, 0.373133474035595, 942.711197527401, 0, -0.000581673907474533, 0, 0.00396775101131227, 0, -3.59891475571555e-05, 0
0.00098, 1.47647253765892, -5110.56775219361, 0, -0.000571330131959298, 0, 0.00396316284294758, 0, -6.42346958446805e-06, 0
0.00099, 1.41100141010171, -186.876880411441, 0, -0.000555845017409937, 0, 0.00395796948257711, 0, 4.16184707965693e-05, 0
0.001, 1.13534640352835, 3792.19845053811, 0, -0.000546578258636227, 0, 0.00396672996922245, 0, -6.76695074106962e-06, 0
0.00101, 2.58355263331544, 532.87073865876, 0, -0.000527396937203774, 0, 0.00397513079249676, 0, -1.30598948456367e-05, 0
0.00102, 2.44665605136382, 996.361200110659, 0, -0.000502301443858657, 0, 0.00398608702504384, 0, 1.39468458503476e-05, 0
0.00103, 3.0819692594349, 3638.66573374572, 0, -0.000474810998575491, 0, 0.00399143890690407, 0, 1.1088322974351e-05, 0
0.00104, 2.95757864601104, 4780.2399844325, 0, -0.000444543682805411, 0, 0.00399662624631292, 0, -1.93626627354875e-06, 0
0.00105, 3.28486723957367, 2006.29671579429, 0, -0.000413959529859071, 0, 0.00399421311333143, 0, -2.39116808137186e-05, 0
0.00106, 3.58015234637518, -598.81654351001, 0, -0.000379128230981521, 0, 0.00399098352368513, 0, 6.24301449852725e-06, 0
0.00107, 2.71951013708136, 3705.82784239589, 0, -0.000346562578301869, 0, 0.00399916704406134, 0, 2.49251695653618e-05, 0
0.00108, 2.58038352063759, 3649.08064281652, 0, -0.000321537040303555, 0, 0.00401364000661294, 0, -2.78509279983661e-05, 0
0.00109, 3.36513712739219, -2055.35310917449, 0, -0.000291375827841589, 0, 0.00401974688995175, 0, -1.35134654510091e-05, 0
0.0011, 2.77965953706941, 807.513868394769, 0, -0.000259492582782947, 0, 0.00401690103743462, 0, 3.29288384913175e-05, 0
0.00111, 2.14587492161442, 4225.58601691562, 0, -0.000236067026339723, 0, 0.00401864112887616, 0, -7.85803302803305e-06, 0
0.00112, 2.59560711795933, -850.296834113239, 0, -0.000212571492279075, 0, 0.00401689465548167, 0, -3.11357947317271e-05, 0
0.00113, 2.43919739521014, -3100.85855285056, 0, -0.00018624922557837, 0, 0.00400840894326643, 0, 1.07399498044743e-05, 0
0.00114, 1.91758033555281, 821.513697148653, 0, -0.000164586461483311, 0, 0.0040144749855696, 0, 1.86165770887177e-05, 0
0.00115, 1.76111402336801, 896.12825984449, 0, -0.000146387163120738, 0, 0.00400790459090332, 0, -1.84155115442856e-05, 0
0.00116, 2.31963967767805, -3453.1660674641, 0, -0.00012618907584801, 0, 0.00401662420240697, 0, -1.56680712577152e-05, 0
0.00117, 2.40081067321706, -2361.25612260788, 0, -0.000101895695217767, 0, 0.00402762095128211, 0, 2.55101103824007e-05, 0
0.00118, 2.29275371944981, 2623.07234674379, 0, -7.87573861460741e-05, 0, 0.0040356676315684, 0, 1.46129458384806e-05, 0
0.00119, 2.93368882042596, 1597.21251565814, 0, -5.32206305132448e-05, 0, 0.00403022910488416, 0, -1.92985002565142e-05, 0
0.0012, 3.54170447521037, -777.733836538621, 0, -2.0408128478081e-05, 0, 0.00402552107817672, 0, 2.31940464345296e-06, 0
0.00121, 3.44330515417665, 2219.78008418991, 0, 1.48900976435379e-05, 0, 0.0040164084321287, 0, 2.15491646702134e-05, 0
0.00122, 3.45388329827225, 4418.24859020903, 0, 4.92580361999289e-05, 0, 0.00400918314190077, 0, -2.73897403540111e-06, 0
0.00123, 3.78223734205692, 1672.89346888348, 0, 8.530658153806e-05, 0, 0.00401918633079216, 0, -1.99897883548662e-05, 0
0.00124, 4.10804230578765, -282.570670566696, 0, 0.000124984494391656, 0, 0.00402438468822715, 0, 5.38980060661525e-06, 0
0.00125, 3.88900891675004, 3543.32853414816, 0, 0.000165287136504215, 0, 0.0040271169830677, 0, 2.65938216536147e-05, 0
0.00126, 3.43463630510318, 5540.90864375576, 0, 0.00020144520621708, 0, 0.00403351762862275, 0, -1.34847206516211e-05, 0
0.00127, 3.86684525430622, 247.465435240735, 0, 0.000237393670176641, 0, 0.00402199223541094, 0, -2.56925990846328e-05, 0
0.00128, 3.77164158526293, 682.690651059518, 0, 0.000277931514027871, 0, 0.00401531286640734, 0, 2.98196314169392e-05, 0
0.00129, 2.40706439467106, 5884.81710190919, 0, 0.000308293964282499, 0, 0.00399703026773257, 0, 5.62733639671572e-06, 0
0.0013, 3.38639987441478, 1186.12190203076, 0, 0.000335160932893595, 0, 0.00399163528135537, 0, -4.08687179390257e-05, 0
0.00131, 3.13891275506796, -2686.973525838, 0, 0.000369340786987515, 0, 0.00401145332793263, 0, 9.17286702631659e-06, 0
0.00132, 1.69694933849617, 1671.01949544231, 0, 0.000393402531270234, 0, 0.00401566601475688, 0, 1.91939824558599e-05, 0
0.00133, 1.69082482063262, 1063.35886369101, 0, 0.000408233538026947, 0, 0.00400877650638443, 0, -2.16548494806554e-05, 0
0.00134, 1.68154648552551, -2556.44709918998, 0, 0.000425782671768702, 0, 0.00400711528857236, 0, -7.69467067247091e-06, 0
0.00135, 1.16204762876552, -1740.32828754577, 0, 0.000439934135102192, 0, 0.00400070375571197, 0, 1.13706249232608e-05, 0
0.00136, 1.52501268447764, 338.089045310829, 0, 0.000450426017718465, 0, 0.00398992878872712, 0, 8.72488321850259e-06, 0
0.00137, 0.884970638169324, 732.13113841722, 0, 0.00046306547093618, 0, 0.00400352680137837, 0, -8.34377835082566e-06, 0
0.00138, 1.36765815688885, -2758.17949762305, 0, 0.00047082504916325, 0, 0.00399356401684448, 0, -2.01574978252896e-05, 0
0.00139, 1.54631917864359, -2872.24881867288, 0, 0.000486279290110446, 0, 0.00400595166652616, 0, 2.39176845500475e-05, 0
0.0014, 0.790319902412268, 2975.55522494055, 0, 0.000498030184063104, 0, 0.00400752176866481, 0, 1.9687420949132e-05, 0
0.00141, 1.42009256599191, 1155.3427909637, 0, 0.00050687482874678, 0, 0.00400773648055467, 0, -3.15505291496836e-05, 0
0.00142, 2.09147027913728, -2360.82212408583, 0, 0.000525808849782744, 0, 0.00401330783868903, 0, 9.43138943833584e-06, 0
0.00143, 1.03335727481255, 3462.53017283932, 0, 0.000542105317362311, 0, 0.00400171820655208, 0, 3.2830936910871e-05, 0
0.00144, 0.835199544387196, 4381.95862168075, 0, 0.00054985604335166, 0, 0.00397370958344983, 0, -2.37682324034411e-05, 0
0.00145, 2.40225694527447, -887.233274666331, 0, 0.000567161138528305, 0, 0.00397133300511743, 0, -1.58629198489892e-05, 0
0.00146, 1.57427289121471, 371.635968482705, 0, 0.000587949673632012, 0, 0.00398551012437073, 0, 2.27364872724277e-05, 0
0.00147, 1.31852799146462, 3967.4441047931, 0, 0.000600086080422484, 0, 0.00398296864904993, 0, 7.38702257922144e-06, 0
0.00148, 0.934041178637552, 2539.99875674415, 0, 0.000611654690945208, 0, 0.00398640329268002, 0, -1.85973335207785e-05, 0
0.00149, 0.588556549383024, -524.563539988468, 0, 0.000618985620082046, 0, 0.00397350043075029, 0, -6.30738073049228e-06, 0
0.0015, 0.179523237482408, 1006.38098146955, 0, 0.000624344202997562, 0, 0.00396170955493395, 0, 1.78230428155403e-05, 0
0.00151, -0.586316407212708, 2723.7402831074, 0, 0.000623556538121774, 0, 0.00395931177036503, 0, -8.4289532813872e-06, 0
0.00152, -0.107693997439539, -1705.73603539561, 0, 0.000617955763317976, 0, 0.00395859675216357, 0, -2.74221436367378e-05, 0
0.00153, -0.802385195990983, -3784.08683206221, 0, 0.000613744377773959, 0, 0.0039658706416841, 0, 8.38961564791343e-06, 0
0.00154, -1.37223880977064, -619.450953633106, 0, 0.000605063218780127, 0, 0.00398173804058915, 0, 1.5609930486137e-05, 0
0.00155, -1.94371323232951, 67.9782984478798, 0, 0.000587716363531938, 0, 0.00398116470048752, 0, -8.79291417329696e-06, 0
0.00156, -1.73526170707305, -2740.72598606871, 0, 0.000572005416037661, 0, 0.00399139048694825, 0, -1.49065891626575e-05, 0
0.00157, -2.08992048700428, -3371.88249724421, 0, 0.000552651156818535, 0, 0.00398381253246513, 0, 1.17961334586357e-05, 0
0.00158, -2.51774732924202, 359.099515035836, 0, 0.000530744865100347, 0, 0.00397544639681037, 0, 1.64876396831734e-05, 0
0.00159, -2.14498717074275, -854.722645211583, 0, 0.000506346652897555, 0, 0.00398772650392475, 0, -2.96726777843088e-05, 0
0.0016, -1.54486756284604, -6078.27851167516, 0, 0.00048808540243586, 0, 0.00401143979025538, 0, -6.39792094917482e-06, 0
0.00161, -2.20667724350684, -1307.18415366053, 0, 0.000470564474591016, 0, 0.00401574384609889, 0, 4.24386686203926e-05, 0
0.00162, -2.43890282443473, 2616.63736897513, 0, 0.000445539732680543, 0, 0.00401559900100218, 0, -1.12583429102685e-05, 0
0.00163, -1.29139076959097, -2063.1538072591, 0, 0.000426995462802615, 0, 0.00401382857350177, 0, -1.74242560886334e-05, 0
0.00164, -1.62384201730141, -254.87232239839, 0, 0.000413871245238302, 0, 0.0040037207523454, 0, 2.88405953499607e-05, 0
0.00165, -1.91486631496006, 3362.38133705004, 0, 0.000395296007898878, 0, 0.00399667474180061, 0, -1.85278999792267e-07, 0
0.00166, -1.27757837505371, 938.652705154515, 0, 0.000381401200065691, 0, 0.00400963207856756, 0, -1.50331279603649e-05, 0
0.00167, -1.52016297823122, -585.485391211433, 0, 0.0003681142192746, 0, 0.004022443725989, 0, -2.75495720679665e-06, 0
0.00168, -1.65421288276179, -626.911365738337, 0, 0.000351523677986938, 0, 0.00402909586771307, 0, 5.04810732473645e-06, 0
0.00169, -2.01539459360417, 1830.50470237739, 0, 0.000334197744558504, 0, 0.00402784212449448, 0, 1.54435410161912e-05, 0
0.0017, -2.38622683165618, 1766.77459234443, 0, 0.000310458521018646, 0, 0.00402640681072723, 0, -2.06547192966107e-05, 0
0.00171, -2.17472429434041, -3058.19940148429, 0, 0.00028786277029817, 0, 0.00402776497585442, 0, -1.34996325035907e-05, 0
0.00172, -3.24667354588699, -656.063656322868, 0, 0.000261924090543162, 0, 0.0040011964334111, 0, 2.86863706099498e-05, 0
0.00173, -3.18151785856297, 1752.63822301031, 0, 0.000229699897827705, 0, 0.00400963808037846, 0, -1.27488386103392e-05, 0
0.00174, -2.95677912815452, -3434.23332193577, 0, 0.000198871471166617, 0, 0.00403279649906437, 0, -2.5094864978256e-05, 0
0.00175, -3.53784808798079, -3822.7276240263, 0, 0.000167332019796604, 0, 0.00403748268588253, 0, 1.84656326310514e-05, 0
0.00176, -4.02977718542386, -532.980608048564, 0, 0.00012796651179613, 0, 0.00403569402277574, 0, 5.62933633887767e-06, 0
0.00177, -3.98221382960494, -2346.57286776394, 0, 8.77650363074253e-05, 0, 0.00404757283090661, 0, -1.87703272070727e-05, 0
0.00178, -3.92580685041692, -4943.81342143726, 0, 4.8193047504808e-05, 0, 0.00403728888929075, 0, -3.20414904773347e-06, 0
0.00179, -3.8879157744499, -3066.45866603533, 0, 9.33534631650366e-06, 0, 0.00402397451960566, 0, 1.98245041992758e-05, 0
0.0018, -4.1221268599341, -34.7887618693696, 0, -3.09866657727892e-05, 0, 0.00403045472976096, 0, 4.3297734165901e-06, 0
0.00181, -3.77203528584432, -2275.65040063426, 0, -7.10865369913264e-05, 0, 0.00403868119413768, 0, -2.12034446951488e-05, 0
0.00182, -3.00175735114534, -4012.11549866941, 0, -0.000104292572968067, 0, 0.00404488317091466, 0, 9.86064996655481e-06, 0
0.00183, -3.43218183063827, -157.972111221883, 0, -0.00013567323299861, 0, 0.00403388882196322, 0, 1.9442903995992e-05, 0
0.00184, -2.83857340931213, 646.497735482932, 0, -0.000167735339380304, 0, 0.00403460899160425, 0, -9.10355262681913e-06, 0
0.00185, -2.21884302757188, -979.915019030452, 0, -0.000192481957980819, 0, 0.004025637866449, 0, -2.14448299703695e-06, 0
0.00186, -2.37327730368144, -128.73481969278, 0, -0.000215307640469806, 0, 0.0040197537617496, 0, 7.99674791815813e-06, 0
0.00187, -2.00269265383323, 1493.34708934597, 0, -0.000237026383984856, 0, 0.00402347625546165, 0, 8.27942770358387e-06, 0
0.00188, -2.33649281206054, 1914.13692441245, 0, -0.000257947661355704, 0, 0.00402396637318915, 0, -7.85330843796948e-06, 0
0.00189, -1.74934478577663, -1061.48409005129, 0, -0.000279032098443886, 0, 0.00403126398616282, 0, -1.46632328841575e-05, 0
0.0019, -1.70048600426221, -331.134825814459, 0, -0.000294962137620356, 0, 0.00402921695069143, 0, 2.26279720174652e-05, 0
0.00191, -2.38481400580425, 3304.11876287872, 0, -0.000315789569207164, 0, 0.00402143433771624, 0, 7.25991218394508e-08, 0
0.00192, -2.09280385884841, -1306.38136350714, 0, -0.00033856808662372, 0, 0.00400479210028007, 0, -3.47778064205974e-05, 0
0.00193, -2.13952731642531, -3610.15116582616, 0, -0.000356902288368282, 0, 0.00400608878033556, 0, 1.73531637757844e-05, 0
0.00194, -2.92428029980476, 1576.60425037719, 0, -0.000382742311313538, 0, 0.00402739078786405, 0, 1.79384492133918e-05, 0
0.00195, -2.40021548106419, -69.9161841645957, 0, -0.000410227228584528, 0, 0.00401831314785791, 0, -2.77480905112681e-05, 0
0.00196, -2.3690920605922, -3959.80830724049, 0, -0.000434322561938249, 0, 0.00401813909104992, 0, -4.02152329742716e-06, 0
0.00197, -2.72826502962904, -2521.72656240332, 0, -0.000459878688669135, 0, 0.00400728567720012, 0, 1.03316829651681e-05, 0
0.00198, -2.58129666439202, -1866.18001017142, 0, -0.000487202476463302, 0, 0.00399594638166317, 0, -2.30245357617341e-06, 0
0.00199, -2.82589070052091, -2352.86788519252, 0, -0.000511434400141342, 0, 0.00398031669517762, 0, -2.10319981191033e-06, 0
0.002, -2.22724397246925, -2785.14442232935, 0, -0.000537282514732678, 0, 0.00398291825773952, 0, -1.05396152338903e-06, 0
0.00201, -1.99492540867214, -1602.3825376179, 0, -0.000558912164097834, 0, 0.0039871162765355, 0, 1.44501177796308e-05, 0
0.00202, -2.15663510867327, 704.025906832677, 0, -0.000578383210884612, 0, 0.00398596638234085, 0, 1.54777145548438e-06, 0
0.00203, -1.15371644038469, -1824.4412277219, 0, -0.000596115496511393, 0, 0.00398595451392121, 0, -2.12165751755152e-05, 0
0.00204, -0.735578189716669, -3243.78701771532, 0, -0.000605047550060939, 0, 0.00398431770526529, 0, 1.35508931233706e-05, 0
0.00205, -0.091218659468126, 1884.07616129117, 0, -0.000609182368848014, 0, 0.00397502330309322, 0, 2.70375175649722e-05, 0
0.00206, -0.239647072242943, 3194.80447217174, 0, -0.000610525687243116, 0, 0.0039583610415979, 0, -1.42702899863824e-05, 0
0.00207, -0.0597170998282688, -387.953377173441, 0, -0.000610785104237389, 0, 0.0039692214214382, 0, -1.18688393843011e-05, 0
0.00208, 0.866161401173833, 811.783927493379, 0, -0.000606127091890075, 0, 0.00398171969174591, 0, 2.06547650528922e-05, 0
0.00209, 0.254833079723106, 4000.36444807753, 0, -0.000599724325100228, 0, 0.00398074095201644, 0, 4.13941302744705e-06, 0
0.0021, 1.01336350683337, 1710.67172888517, 0, -0.000593455424095819, 0, 0.00398271456726506, 0, -2.15735630282531e-05, 0
0.00211, 1.06416193278872, -800.66405250871, 0, -0.000583824183082091, 0, 0.00398852228298254, 0, 1.17770395581545e-06, 0
0.00212, 0.498272161293738, 1523.65952556175, 0, -0.000574762800210617, 0, 0.00399184176822257, 0, 1.51085576319511e-05, 0
0.00213, 0.619432892978166, 1999.74840658006, 0, -0.000569904612887689, 0, 0.00399837993047359, 0, -1.25470633101178e-05, 0
0.00214, 1.13664296349834, -1347.85513659568, 0, -0.000560984203041108, 0, 0.00399041521815049, 0, -1.35466961545039e-05, 0
0.00215, 0.778218722951743, -1119.66800307818, 0, -0.000550640906007657, 0, 0.00398577904569895, 0, 1.47241255309948e-05, 0
0.00216, 0.465894564801104, 1892.02239726903, 0, -0.000544230310041242, 0, 0.00399134354293639, 0, 9.62945589392608e-06, 0
0.00217, 0.239928851326494, 1295.60268306528, 0, -0.000539268474425619, 0, 0.00399730847040585, 0, -1.44004863545798e-05, 0
0.00218, 0.664466600025828, -2025.76603995852, 0, -0.000535188644460498, 0, 0.00401245162198549, 0, -1.52158445606677e-05, 0
0.00219, 1.10476407571662, -3004.63225427765, 0, -0.000525815567808884, 0, 0.00399788808300528, 0, 6.24481514985521e-06, 0
0.0022, 0.587394226824489, -702.981554012915, 0, -0.000519845340476544, 0, 0.00399778010877709, 0, 1.14948347243238e-05, 0
0.00221, 0.99156400364141, -745.684067552839, 0, -0.000512398526462065, 0, 0.00398700833871406, 0, -1.21875772089049e-05, 0
0.00222, 1.2623860290278, -2921.85516177617, 0, -0.000504948388219111, 0, 0.00400552532391986, 0, -4.28945207306003e-08, 0
0.00223, 1.91932659198499, 857.725364848169, 0, -0.000487721856256116, 0, 0.00400670109573541, 0, 3.16607014598709e-05, 0
0.00224, 1.027965075841, 3848.33246300453, 0, -0.00047056905731746, 0, 0.00399997057903103, 0, -1.02186047243747e-05, 0
0.00225, 2.61986548607926, -1201.90419524756, 0, -0.000453447505009643, 0, 0.00402102043836707, 0, -2.42429799807718e-05, 0
0.00226, 3.46935883109566, -155.268558167421, 0, -0.000421059643205821, 0, 0.00401091282704213, 0, 3.26555075479079e-05, 0
0.00227, 2.34060811810603, 5272.61307177277, 0, -0.000391754277578358, 0, 0.00399916599720118, 0, 7.76050636953155e-06, 0
0.00228, 3.3185920457281, 2198.09774181065, 0, -0.000364220327296239, 0, 0.0040096758827377, 0, -2.69868729793243e-05, 0
0.00229, 3.29446798219947, -176.704763603036, 0, -0.000331554818959294, 0, 0.00403529309816642, 0, 5.51796502978652e-06, 0
0.0023, 3.39001510799687, 2004.94398066148, 0, -0.000298560608301591, 0, 0.00404256490646587, 0, 9.81348981636994e-06, 0
0.00231, 3.85613077885338, 3113.49769097078, 0, -0.000262124563177001, 0, 0.00402894773817833, 0, 4.33244204049307e-06, 0
0.00232, 3.508126158077, 3481.53869518864, 0, -0.000225826357027304, 0, 0.00403394631159496, 0, -4.19187594326957e-06, 0
0.00233, 3.87547783978751, 1501.61213253352, 0, -0.000189376114572034, 0, 0.00402655339716682, 0, -9.56649598960561e-06, 0
0.00234, 3.62161154298315, 2474.46059588333, 0, -0.000150836099908408, 0, 0.00403508506862124, 0, 1.85349470278679e-05, 0
0.00235, 2.67601541265228, 4179.35307074846, 0, -0.000119822720934303, 0, 0.00404324498309506, 0, -1.35370783491363e-05, 0
0.00236, 3.11150177359256, -1988.79406289191, 0, -9.18706551133636e-05, 0, 0.00402509338036698, 0, -3.37372837474501e-05, 0
0.00237, 2.97621296445387, -2690.72425228944, 0, -5.96056434337649e-05, 0, 0.00402780554886309, 0, 2.79851946014458e-05, 0
0.00238, 1.88420451680297, 3012.60251853297, 0, -3.60299950235373e-05, 0, 0.00402646861384082, 0, 1.23852772913137e-05, 0
0.00239, 2.40233395986037, 60.1682215815055, 0, -1.53765961182371e-05, 0, 0.00404528084135705, 0, -3.22089780828817e-05, 0
0.0024, 2.62486386174394, -3454.89540124894, 0, 1.08435355727113e-05, 0, 0.00404003288272742, 0, 3.18335310906603e-06, 0
0.00241, 2.22237144137139, -86.1041195347243, 0, 3.4849638607359e-05, 0, 0.00402923407423486, 0, 2.2221271749401e-05, 0
0.00242, 2.32936771271137, 2148.51808146783, 0, 5.73860577359067e-05, 0, 0.00403452099598503, 0, -1.38393246033719e-06, 0
0.00243, 2.53034814988716, -6.39596096912638, 0, 8.15699907238097e-05, 0, 0.00402830914507553, 0, -1.64228426475027e-05, 0
0.00244, 2.89364515152514, -1669.14105934119, 0, 0.000108800975547201, 0, 0.00404620247366507, 0, 4.80885645091811e-06, 0
0.00245, 2.61344695258125, 1461.90581269998, 0, 0.00013698137566561, 0, 0.00403852285403581, 0, 1.89184310566843e-05, 0
0.00246, 2.64510556798089, 1949.75685217965, 0, 0.000162066935554091, 0, 0.00402725803382607, 0, -1.61524585963334e-05, 0
0.00247, 3.52995615978333, -1472.3759112028, 0, 0.000193039737375778, 0, 0.0040301584253109, 0, -5.72129143710821e-06, 0
0.00248, 3.42403017200082, 1674.78260267788, 0, 0.000228910098929641, 0, 0.00402922246268889, 0, 3.06348126282563e-05, 0
0.00249, 3.35265001929165, 5481.47806184233, 0, 0.000262403228530148, 0, 0.00404465482130614, 0, 1.56210247950203e-06, 0
0.0025, 3.58633955744178, 3184.85868979254, 0, 0.000297389740442432, 0, 0.00403735824803686, 0, -1.73460222732465e-05, 0
0.00251, 3.60233937191777, 1014.47937886678, 0, 0.000334286840897276, 0, 0.00403197054446486, 0, -3.63808730018526e-06, 0
0.00252, 3.6815484522359, 2136.53933273257, 0, 0.00036866248182805, 0, 0.00401818736934276, 0, 1.55825558662369e-05, 0
0.00253, 2.59110638656868, 4890.15179390298, 0, 0.000401094882836742, 0, 0.00401545405942016, 0, 2.63028127019482e-06, 0
0.00254, 2.88826814195092, 1067.34242996344, 0, 0.000426395038371655, 0, 0.00400791284663926, 0, -3.63447738462883e-05, 0
0.00255, 2.55037139438492, -2888.72461417666, 0, 0.000454356540415319, 0, 0.00399879364810357, 0, 9.54714580656217e-06, 0
0.00256, 1.89182912937376, 2938.68414665936, 0, 0.000478916302710064, 0, 0.0039952204651969, 0, 3.10844057585286e-05, 0
0.00257, 1.818429009667, 2605.90247065104, 0, 0.000495036600747852, 0, 0.00400295944116774, 0, -3.31779629370477e-05, 0
0.00258, 2.14228507361609, -2790.03948497044, 0, 0.00051618456333493, 0, 0.00400589391385862, 0, -3.43571104785379e-06, 0
0.00259, 1.20525056702207, 1373.34291504754, 0, 0.000534651688042553, 0, 0.00401092942024482, 0, 2.92775231328509e-05, 0
0.0026, 0.295975638938832, 2165.76532440148, 0, 0.000540580278676643, 0, 0.00400794754909288, 0, -2.23978413758711e-05, 0
0.00261, 0.118679726770856, -2947.15906697833, 0, 0.000543238982391627, 0, 0.00398369928950502, 0, -1.9439788564988e-05, 0
0.00262, 0.128721970782329, -4166.87720852895, 0, 0.000545647773730323, 0, 0.00397812465911337, 0, 3.37600287193868e-06, 0
0.00263, 0.654975219401519, -2535.61949073451, 0, 0.000549288445254036, 0, 0.00399510607139169, 0, 1.42261367605401e-05, 0
0.00264, 0.176273163195734, 445.183061909625, 0, 0.000553929432257459, 0, 0.00401654790433879, 0, 9.80850373189912e-06, 0
0.00265, 0.209396973866877, -786.002562854555, 0, 0.000554618795806511, 0, 0.00402062666214789, 0, -1.85985911701965e-05, 0
0.00266, 1.14796519597229, -1808.62449832055, 0, 0.000561140124958106, 0, 0.004008286597285, 0, 1.84952347052028e-05, 0
0.00267, 0.186759818980368, 4479.78698247683, 0, 0.00056878965779163, 0, 0.00400227224700857, 0, 2.86071446236459e-05, 0
0.00268, 0.352273942315332, 3609.40948571781, 0, 0.000568773587933402, 0, 0.00398479220778327, 0, -3.55873334573263e-05, 0
0.00269, 1.47329689746521, -2749.71271506611, 0, 0.000577654857806472, 0, 0.0039820628277401, 0, -1.22338799851186e-05, 0
0.0027, 0.232584422746492, 118.365717896287, 0, 0.000586703363691468, 0, 0.00398795882922102, 0, 2.88387433173886e-05, 0
0.00271, 0.299723894045073, 2616.58024134401, 0, 0.00059061442033409, 0, 0.00400557701362005, 0, -8.76445289683766e-06, 0
0.00272, 0.328319261913961, -809.804927921453, 0, 0.000593629235178016, 0, 0.00400438654179177, 0, -1.47383017468839e-05, 0
0.00273, 0.456769766646482, -108.091762506384, 0, 0.000597734748309432, 0, 0.00399351986310767, 0, 2.1839673519988e-05, 0
0.00274, -0.042315709143191, 4946.47753074504, 0, 0.000599981217626188, 0, 0.00398550907425981, 0, 2.06843255883333e-05, 0
0.00275, -0.759854618015955, 4547.89505360362, 0, 0.000595856691108155, 0, 0.00397435109429102, 0, -2.66259918603234e-05, 0
0.00276, 0.32182866097358, -2021.09201752893, 0, 0.000595152070126335, 0, 0.00398507808806927, 0, -2.73096546674315e-05, 0
0.00277, -1.11649187451045, -2389.39871724163, 0, 0.00059238727429298, 0, 0.00399636639326311, 0, 2.10050495709997e-05, 0
0.00278, -1.62355585372527, 1205.80221233813, 0, 0.000577805011691226, 0, 0.00400502356543633, 0, 3.31491791098761e-06, 0
0.00279, -2.15432235479832, -2039.60493702256, 0, 0.000557813555346359, 0, 0.00401306180555319, 0, -2.73845941570339e-05, 0
0.0028, -2.09231195178646, -4728.07118626896, 0, 0.000537626944732532, 0, 0.00401376207824658, 0, 5.28256894316931e-06, 0
0.00281, -3.24071270064657, -1481.24596539728, 0, 0.000510824193645219, 0, 0.00400404236570666, 0, 1.87331737869003e-05, 0
0.00282, -2.86094084821755, -311.11774691834, 0, 0.000484945423707458, 0, 0.00402116745489717, 0, -7.60825890743944e-06, 0
0.00283, -2.31646368693532, -3001.83811942632, 0, 0.00045307138898189, 0, 0.00400103431978335, 0, -1.47097651775321e-05, 0
0.00284, -2.59183707271106, -3658.1728681408, 0, 0.000428948802458594, 0, 0.00402225464864363, 0, 1.16110437999705e-05, 0
0.00285, -2.55995163103851, 264.64102322832, 0, 0.00040211874411837, 0, 0.00403203238294515, 0, 1.98803037432365e-05, 0
0.00286, -2.95937216820096, 175.933869872543, 0, 0.000373842259019936, 0, 0.00406627197302605, 0, -2.4319727506851e-05, 0
0.00287, -2.47952433322417, -5525.70160683269, 0, 0.000346317490043251, 0, 0.00406955030774536, 0, -1.74695370921486e-05, 0
0.00288, -2.39936028330459, -2559.38095874735, 0, 0.00032240917483114, 0, 0.00404804476169657, 0, 4.29827940122512e-05, 0
0.00289, -3.04519031849813, 4166.13176249329, 0, 0.000294367768662678, 0, 0.00403426736960134, 0, 8.94492156165659e-06, 0
0.0029, -2.06917261682674, 186.314791387938, 0, 0.000268535660133537, 0, 0.00402922774240005, 0, -3.52133833233289e-05, 0
0.00291, -1.53377425544486, -2567.89599862749, 0, 0.000253052136862639, 0, 0.00405342021115354, 0, 1.42663552397905e-05, 0
0.00292, -2.55688850329757, 2344.41028631256, 0, 0.000232245183623586, 0, 0.00404461686963912, 0, 2.00795171655422e-05, 0
0.00293, -2.09842731495461, 2018.39790268968, 0, 0.00021037455776626, 0, 0.00406373131798842, 0, -1.91391583454417e-05, 0
0.00294, -2.19400362012946, -845.940552780403, 0, 0.000189299675464522, 0, 0.00404087486516092, 0, -3.47051539023903e-06, 0
0.00295, -2.43396691122065, 457.597594145519, 0, 0.000169057876544913, 0, 0.00405264401121576, 0, 1.11143893547198e-05, 0
0.00296, -2.95506003094089, 1453.97797059066, 0, 0.000141734534912141, 0, 0.0040329319677982, 0, -3.09273461325657e-06, 0
0.00297, -2.89994369254557, -687.151148323254, 0, 0.000114808962154657, 0, 0.00405635703302206, 0, -1.83918755180501e-05, 0
0.00298, -3.13094002036765, -4309.40205695269, 0, 8.38460975028241e-05, 0, 0.00405559433868319, 0, -1.14184064825959e-05, 0
0.00299, -3.06810636211174, -2341.24874541919, 0, 5.43031855923495e-05, 0, 0.00405906147991409, 0, 3.15060875550565e-05, 0
0.003, -3.94765918593723, 2947.23467913335, 0, 1.95492185999425e-05, 0, 0.00407517412608846, 0, 6.59704015429765e-06, 0
0.00301, -3.79817795192485, -1981.75515085579, 0, -2.06021489432493e-05, 0, 0.00406205591207058, 0, -4.52140639367146e-05, 0
0.00302, -3.42549017169772, -6717.2501054728, 0, -5.54505570847171e-05, 0, 0.00403840019518976, 0, 7.64320186834786e-06, 0
0.00303, -4.57436182325771, -1534.91729326113, 0, -9.47497926153267e-05, 0, 0.00402740679573215, 0, 2.68253232063255e-05, 0
0.00304, -4.2628233833627, -1223.86194036302, 0, -0.000140654248528311, 0, 0.0040595836006316, 0, -2.13537801845626e-05, 0
0.00305, -3.38679143576816, -4775.82523266268, 0, -0.000178032156759224, 0, 0.00405365042331655, 0, -4.10641975211314e-06, 0
0.00306, -4.09332146764796, -2534.1918897726, 0, -0.000214143849129609, 0, 0.00404743422777898, 0, 1.9325686626045e-05, 0
0.00307, -3.48051512551288, -394.385073276828, 0, -0.00025291919145241, 0, 0.00406301699145495, 0, 2.78419226414278e-08, 0
0.00308, -2.59225731669058, -1949.93932845818, 0, -0.000282928639993716, 0, 0.00403957985331722, 0, -1.2054721297305e-05, 0
0.00309, -2.70819504138364, -2877.68519867133, 0, -0.000309540242635254, 0, 0.00403105780588854, 0, 7.32125023622796e-06, 0
0.0031, -2.06196885194372, 1437.46744776232, 0, -0.000332825765719768, 0, 0.00403908627386969, 0, 3.18915331117834e-05, 0
0.00311, -2.73839735298743, 4634.58596165179, 0, -0.00035417458290216, 0, 0.00402661070150915, 0, -8.6798441772867e-06, 0
0.00312, -1.66818004553238, -979.702235395608, 0, -0.000377143184125703, 0, 0.00404140299038476, 0, -3.47936535170248e-05, 0
0.00313, -1.02291466777918, -3051.44566727507, 0, -0.000389153226628088, 0, 0.00402795250252318, 0, 1.63180935818557e-05, 0
0.00314, -2.06011442976956, 1713.07807792595, 0, -0.000406644281386946, 0, 0.00403209797959031, 0, 2.03551742522386e-05, 0
0.00315, -1.49662210713282, 2490.22494010997, 0, -0.000424722990244207, 0, 0.00403674879432553, 0, -9.42270943875458e-06, 0
0.00316, -1.76328291145326, 75.0166053378202, 0, -0.000438884586509902, 0, 0.00403766796728934, 0, -1.20093424193522e-05, 0
0.00317, -1.31106723983611, -1027.42441840736, 0, -0.000454772774207721, 0, 0.00405329225160972, 0, 3.13101618482196e-06, 0
0.00318, -1.17461655985824, 1074.31812462417, 0, -0.000466232889981037, 0, 0.00402986992252431, 0, 1.19385589955621e-05, 0
0.00319, -1.76259142559322, 281.763655045336, 0, -0.000482735435803913, 0, 0.00400996025719024, 0, -2.20537804471002e-05, 0
0.0032, -1.41088897252603, -3479.06917889378, 0, -0.000499164688647922, 0, 0.00401304234880183, 0, -1.65704482363461e-06, 0
0.00321, -2.31802674522029, 1069.79539401247, 0, -0.000515571901481527, 0, 0.00402815031325064, 0, 3.41517671806351e-05, 0
0.00322, -2.4074844561025, 1778.87233463399, 0, -0.000541555763738, 0, 0.00403641992552903, 0, -3.56011400410154e-05, 0
0.00323, -1.75659561952087, -6869.04228119038, 0, -0.000558770729637602, 0, 0.0040134275425811, 0, -2.95957590897371e-05, 0
0.00324, -2.0392807668483, -5318.74859510056, 0, -0.000576379812871165, 0, 0.0040179729587093, 0, 3.58097447267236e-05, 0
0.00325, -1.5418485343694, 49.1104286247758, 0, -0.000596576567413157, 0, 0.00400500677038542, 0, 1.01272714505684e-05, 0
0.00326, -1.52192293330617, 51.3982440444044, 0, -0.000606868479731838, 0, 0.00397940164306187, 0, -2.5598201777134e-06, 0
0.00327, -1.05098463155726, -310.849724791943, 0, -0.000619745266250391, 0, 0.0039862138401081, 0, -4.15928704104122e-06, 0
0.00328, -1.15718158791447, -1525.29604885462, 0, -0.000629885934169222, 0, 0.00399265880957518, 0, -2.63559211875799e-06, 0
0.00329, -0.153130752342593, 418.540920835511, 0, -0.00063530461138729, 0, 0.00400284154215521, 0, 1.72461557764929e-05, 0
0.0033, -0.751009330961428, 438.131985681211, 0, -0.000639926745835048, 0, 0.00399621469485788, 0, -2.19930035304003e-05, 0
0.00331, 1.71544414003853, -3637.68366677241, 0, -0.000635532862870125, 0, 0.00398795860651574, 0, 3.21124092667751e-07, 0
0.00332, 0.558516949246626, 2502.57077952725, 0, -0.000619214544290377, 0, 0.00396365373716822, 0, 4.59260938660491e-05, 0
0.00333, -0.398284204323112, 5320.77244478623, 0, -0.000620428816596481, 0, 0.00398664793872845, 0, -2.61888187137289e-05, 0
0.00334, 2.14407221571879, -1894.20040395473, 0, -0.000611260831112068, 0, 0.0040116690535833, 0, -2.19725837722406e-05, 0
0.00335, 1.41974935650254, 1009.44421376769, 0, -0.000589583287653464, 0, 0.00401382469703407, 0, 4.10138143733476e-05, 0
0.00336, 1.75797881348151, 6308.86956939922, 0, -0.000575308893918935, 0, 0.00401994526500097, 0, 1.91813602052787e-06, 0
0.00337, 1.82586728091923, 2839.89273121352, 0, -0.000555235824861033, 0, 0.00400984207418945, 0, -2.7687106489145e-05, 0
0.00338, 1.88051774117648, -1271.05667783133, 0, -0.000536536825964181, 0, 0.00401188815293136, 0, -1.19504621804586e-05, 0
0.00339, 2.08820671560857, -1096.26981385334, 0, -0.000516565051998187, 0, 0.003998667203282, 0, 1.40764276576738e-05, 0
0.0034, 1.03398790496114, 2286.87876580356, 0, -0.000504235444807145, 0, 0.00402280367123314, 0, 1.10143586888896e-05, 0
0.00341, 1.44992992955608, 653.07590254032, 0, -0.000493165022634524, 0, 0.00402987159599028, 0, -2.36884606594239e-05, 0
0.00342, 1.67592879948896, -1922.43827623952, 0, -0.000475526765805234, 0, 0.00403165174651758, 0, 6.92330534032561e-06, 0
0.00343, 1.18999297217844, 1887.91722097568, 0, -0.000460810891053937, 0, 0.00403655170395705, 0, 1.71341118041094e-05, 0
0.00344, 1.06325394649094, 418.236924882555, 0, -0.000452040175937748, 0, 0.00404273454442853, 0, -3.01863018684161e-05, 0
0.00345, 2.31837583078687, -4399.08428715568, 0, -0.000434445481360001, 0, 0.00402619817519154, 0, -6.17238268023061e-06, 0
0.00346, 1.35073001474778, -1265.42197379947, 0, -0.000414329488636428, 0, 0.00399918009916968, 0, 2.99129873638991e-05, 0
0.00347, 0.782892159840674, 2891.30270921798, 0, -0.000404516598828215, 0, 0.00403062079591726, 0, 5.97444113266696e-06, 0
0.00348, 1.79502786995276, 484.945862997448, 0, -0.000391973319253647, 0, 0.00405452736987042, 0, -2.71044993856604e-05, 0
0.00349, 2.26837100380129, -3981.48193436784, 0, -0.000369165785728107, 0, 0.0040414676948237, 0, -8.36875109181185e-06, 0
0.0035, 2.62224264920214, -925.660897505894, 0, -0.000343696811138606, 0, 0.00404387069156857, 0, 3.42407790605112e-05, 0
0.00351, 2.52604872106335, 4042.55293634393, 0, -0.000318749952926849, 0, 0.004038519193402, 0, 5.74169948801319e-06, 0
0.00352, 3.77325822369154, 1494.49842327858, 0, -0.000287935524025998, 0, 0.00402895756720961, 0, -1.89003477655815e-05, 0
0.00353, 3.74047974183021, 1647.40538310011, 0, -0.000248777501172559, 0, 0.00403225996047435, 0, 2.15253917942318e-05, 0
0.00354, 3.22383135327119, 5467.94322558459, 0, -0.00021302510314393, 0, 0.00404228078723499, 0, 5.07718588126449e-06, 0
0.00355, 3.91963225180757, 2408.09648416204, 0, -0.000177985613851768, 0, 0.00406083093560566, 0, -2.75800356969782e-05, 0
0.00356, 4.0203402908628, -283.895357339784, 0, -0.000137643877564147, 0, 0.00407604215315112, 0, 5.45548198641725e-06, 0
0.00357, 3.76321594768673, 2934.91279617213, 0, -9.87004994774588e-05, 0, 0.00406894133269819, 0, 1.87668124502139e-05, 0
0.00358, 3.55135490827253, 4381.05195015296, 0, -6.22991020550686e-05, 0, 0.00406793958523566, 0, -6.23546105833332e-06, 0
0.00359, 3.48562313208422, 1101.97242827319, 0, -2.72708364111296e-05, 0, 0.00404366768912284, 0, -2.28159078810797e-05, 0
0.0036, 3.69754662700531, -1650.51301656771, 0, 9.11497678961797e-06, 0, 0.00402964465963386, 0, 2.66215610813526e-07, 0
0.00361, 3.5150409317974, 1808.16725707017, 0, 4.65698726432503e-05, 0, 0.00406074429408277, 0, 2.9470470087334e-05, 0
0.00362, 2.77715316544522, 5213.26546269791, 0, 7.74426202016634e-05, 0, 0.00407204091941189, 0, -3.24626631110261e-06, 0
0.00363, 2.9097906811485, 855.374713754636, 0, 0.000105418905423341, 0, 0.00406061796852649, 0, -3.16993751363645e-05, 0
0.00364, 2.85249032950476, -2144.72851465408, 0, 0.000135933425822122, 0, 0.0040671185510394, 0, 5.81811334715783e-06, 0
0.00365, 1.71253753876749, 424.142485592842, 0, 0.000158467083801212, 0, 0.00406081191671425, 0, 7.44394714707833e-06, 0
0.00366, 1.8397634396649, -1809.07259961286, 0, 0.000176636083331696, 0, 0.00406987781559849, 0, -2.51382617487593e-05, 0
0.00367, 2.55733917792822, -4037.06328203013, 0, 0.000197676196449957, 0, 0.00405425109223745, 0, 1.15200340541807e-05, 0
0.00368, 1.72107870983362, 1369.41076351214, 0, 0.000219802892086382, 0, 0.00405811545922215, 0, 2.99107844739194e-05, 0
0.00369, 2.05388800637862, 2533.95004893122, 0, 0.000236120104449345, 0, 0.00402274792516713, 0, -1.86740735400107e-05, 0
0.0037, 3.04411355402663, -2199.83511138587, 0, 0.000261243178859224, 0, 0.00405133726595822, 0, -1.79520845966284e-05, 0
0.00371, 2.83104427370471, -1632.65294583029, 0, 0.000291289204950588, 0, 0.00409047622409802, 0, 2.17515132545097e-05, 0
0.00372, 2.96506083063245, 3507.22031774329, 0, 0.000318981891490314, 0, 0.00408781997177792, 0, 2.47449021001834e-05, 0
0.00373, 2.67240215412538, 5461.95877258746, 0, 0.000347613184802876, 0, 0.00409213413081383, 0, -7.75200148766861e-06, 0
0.00374, 3.15496830647766, 1463.54236546373, 0, 0.00037434953965575, 0, 0.00406228207589118, 0, -2.54359381225048e-05, 0
0.00375, 2.70675378114856, -876.835205006388, 0, 0.000404697907369238, 0, 0.00404837435065686, 0, 5.40019179928259e-06, 0
0.00376, 2.43677709222311, 1723.59457758343, 0, 0.000428143793983339, 0, 0.00400420500749737, 0, 1.17293238945657e-05, 0
0.00377, 3.0998076050117, 1555.36778456956, 0, 0.000455842455012822, 0, 0.00401210928133037, 0, -9.85341072839753e-06, 0
0.00378, 3.77273264046377, 1282.67761997584, 0, 0.000492363372889129, 0, 0.00404452604114704, 0, 1.31957743658025e-05, 0
0.00379, 2.6746415856221, 5372.75207030255, 0, 0.000525215340897186, 0, 0.0040612730975844, 0, 1.87567984829931e-05, 0
0.0038, 1.70227558419651, 5180.73653272943, 0, 0.000546543350887655, 0, 0.00404787742128478, 0, -2.13260929722441e-05, 0
0.00381, 1.95810197390842, -117.082355389023, 0, 0.000563497144298558, 0, 0.00402114395321005, 0, -2.44914988309045e-05, 0
0.00382, 0.640891003003669, -1888.14275712792, 0, 0.000577073937693368, 0, 0.00399970703447576, 0, 6.4459721770397e-06, 0
0.00383, 0.497237570822755, 672.390896661551, 0, 0.00058360520623719, 0, 0.0039834115460615, 0, 1.30103339150501e-05, 0
0.00384, 0.145434768352364, 116.548032351761, 0, 0.000594440974178986, 0, 0.00402104264485439, 0, -2.40656092258997e-05, 0
0.00385, 1.22124785974136, -5652.06526782178, 0, 0.000594441002660101, 0, 0.00402528836512465, 0, -2.1184056223499e-05, 0
0.00386, -0.147952258141506, -4057.7137058173, 0, 0.000601397493456248, 0, 0.00404810993387108, 0, 3.46436695895556e-05, 0
0.00387, -0.175770158351973, 2002.09141642322, 0, 0.000597050460757851, 0, 0.00404331099970939, 0, 1.59804838824171e-05, 0
0.00388, -0.670396945235202, 1697.13742560546, 0, 0.000593000407208814, 0, 0.00403166761037463, 0, -9.4583623083199e-06, 0
0.00389, -0.146064608337166, 834.840245286964, 0, 0.000591347521425776, 0, 0.00401664500680222, 0, -7.12535917728529e-07, 0
0.0039, -0.384671097383884, -353.439435868463, 0, 0.000583943429687217, 0, 0.00400283649271139, 0, -1.37642811875892e-05, 0
0.00391, 0.000108387781144607, -2729.22699931672, 0, 0.000583805054773182, 0, 0.00403729162247932, 0, -7.08639029701028e-06, 0
0.00392, -0.739187593064339, -3839.77578382643, 0, 0.000579690675880148, 0, 0.00406985771485988, 0, -7.62013497541377e-06, 0
0.00393, -0.695554359571123, -4013.64311044592, 0, 0.000572270154913555, 0, 0.00406988687287941, 0, 1.62184977407984e-05, 0
0.00394, -0.128216778592837, 2993.36635935624, 0, 0.000564369859629498, 0, 0.00403204991335047, 0, 4.26488912428e-05, 0
0.00395, -0.762993716476264, 5148.91839722642, 0, 0.000558661114279324, 0, 0.0040388034133614, 0, -2.68513800206074e-05, 0
0.00396, 1.7260332420813, -1586.18909120985, 0, 0.000557643321695786, 0, 0.00402427418140177, 0, -1.96027472068526e-05, 0
0.00397, -0.265278449720271, 1194.86237695408, 0, 0.000567721332881985, 0, 0.00405399626319332, 0, 3.54521634266362e-05, 0
0.00398, -0.269711505823718, 4431.2165683823, 0, 0.000557371564636534, 0, 0.00402315285811918, 0, -8.06740513387166e-06, 0
0.00399, -0.597934392940346, 1337.20208353309, 0, 0.000553810603410456, 0, 0.00401466131308387, 0, -9.87429647047671e-06, 0
0.004, -1.01904840864241, 1264.92972057385, 0, 0.000551728300973159, 0, 0.00403016905562262, 0, 2.44090584745982e-07, 0
0.00401, -0.672322298065997, -795.472452620529, 0, 0.000542686667201516, 0, 0.00405399247279675, 0, -1.7893552161623e-05, 0
0.00402, -1.84619406457565, -2616.31016144263, 0, 0.000531231057086325, 0, 0.00407030625285923, 0, 1.04864215723112e-06, 0
0.00403, -3.04510164812674, -2388.98919072985, 0, 0.000505351234377758, 0, 0.00404913722105763, 0, -2.17276614613089e-06, 0
0.00404, -2.16813927970148, -1420.65144108682, 0, 0.000480317444118729, 0, 0.00402646011294325, 0, 1.97396106773455e-05, 0
0.00405, -2.53007588117468, 3575.05238175675, 0, 0.000457513513615296, 0, 0.00402766848963583, 0, 1.53035871209275e-05, 0
0.00406, -2.11727029734786, -504.074120274253, 0, 0.000428704954339215, 0, 0.00405305795824323, 0, -5.18030499248214e-05, 0
0.00407, -2.73965012833271, -7725.26740177693, 0, 0.000406459618120331, 0, 0.00408373991000973, 0, -7.7805568133817e-07, 0
0.00408, -3.35808596687638, -2527.94294723706, 0, 0.000374344727855178, 0, 0.00408697939259003, 0, 3.29762087277919e-05, 0
0.00409, -3.78669795492314, -945.076230494978, 0, 0.000336288749675625, 0, 0.00409429668849425, 0, -1.19648773774589e-05, 0
0.0041, -3.16160317483585, -2303.50436510546, 0, 0.000304207741134679, 0, 0.00409581508388314, 0, 5.10539651800584e-06, 0
0.00411, -4.21499706666519, -1347.97689638305, 0, 0.000266236862752473, 0, 0.00406308808771836, 0, -5.8726348811887e-06, 0
0.00412, -2.91350334301481, -3646.77552500479, 0, 0.000232267856933049, 0, 0.00407380386414734, 0, -6.28253370184303e-06, 0
0.00413, -3.33813674302937, -1756.84784228806, 0, 0.00020192959237843, 0, 0.00406844023450529, 0, 1.62358507304342e-05, 0
0.00414, -2.74447662155338, -1086.38087513424, 0, 0.000170838813574978, 0, 0.00411850403979298, 0, -7.20806733576513e-06, 0
0.00415, -2.00041524874632, 341.802679543738, 0, 0.000148193895380571, 0, 0.0040981392265814, 0, 2.71579877880377e-05, 0
0.00416, -3.0301367208283, 4819.35826342986, 0, 0.00012301854397522, 0, 0.00411637919564648, 0, -1.47256101193199e-06, 0
0.00417, -2.22967684608162, -1586.44677175542, 0, 9.50382174473056e-05, 0, 0.00406225809887704, 0, -4.42568507119481e-05, 0
0.00418, -1.94090168875759, -4056.25182219334, 0, 7.69551031017276e-05, 0, 0.00405705815746367, 0, 2.43790643401762e-05, 0
0.00419, -2.67286689764205, 2424.11198840094, 0, 5.28862490153247e-05, 0, 0.00408171629892305, 0, 2.30701273622738e-05, 0
0.0042, -2.15514839074994, 2268.34471187867, 0, 2.82403416902847e-05, 0, 0.0041067188625033, 0, -1.37274275113942e-05, 0
0.00421, -2.32865804028413, 663.496754050444, 0, 6.83170104975329e-06, 0, 0.00410381670621339, 0, -3.37342138578103e-06, 0
0.00422, -2.76445960421177, -881.305210440459, 0, -1.95804061155207e-05, 0, 0.00409397827851818, 0, -1.27536511550372e-05, 0
0.00423, -2.58956224415564, -1708.17370373421, 0, -4.57199322331095e-05, 0, 0.00406705647125294, 0, 8.23783854687271e-06, 0
0.00424, -3.45722801500253, 115.79295571849, 0, -7.63740791666169e-05, 0, 0.00406453074476151, 0, -6.21147335723569e-08, 0
0.00425, -2.95601954355123, -1897.72596972728, 0, -0.000109017193617943, 0, 0.00408638998999392, 0, -9.93460858762285e-06, 0
0.00426, -3.52007962645833, -471.357006516753, 0, -0.000139850781222067, 0, 0.00410012162888765, 0, 1.78015047080055e-05, 0
0.00427, -4.18651085698017, -634.361014112478, 0, -0.000179895470739751, 0, 0.00408097099339609, 0, -2.71192649626559e-05, 0
0.00428, -3.62333472143771, -7211.5614157711, 0, -0.000219697719959601, 0, 0.00409783880767418, 0, -2.15666805485918e-05, 0
0.00429, -3.49453179158311, -5063.68277812364, 0, -0.000254305234978188, 0, 0.0040874979944547, 0, 3.48436020711868e-05, 0
0.0043, -3.80773174647774, 441.718640560904, 0, -0.00029293350255107, 0, 0.00407292144534254, 0, 1.35042753729183e-05, 0
0.00431, -3.53276475062804, 198.530484174362, 0, -0.000330036095683943, 0, 0.00408732475531749, 0, -9.25552311866655e-06, 0
0.00432, -2.35774552434671, -1616.88756559964, 0, -0.0003598285722038, 0, 0.00406721142329261, 0, -1.07165161536855e-05, 0
0.00433, -3.19623314922011, -3303.4942943144, 0, -0.00038758437594869, 0, 0.00404304630537923, 0, -2.59176546298125e-06, 0
0.00434, -4.35907435799149, -1933.01035024154, 0, -0.000416792687430466, 0, 0.00404674244293073, 0, 1.1327099471395e-05, 0
0.00435, -3.02027586165317, -1576.8609939765, 0, -0.000456165911822755, 0, 0.00410468115425567, 0, -8.2559790314833e-06, 0
0.00436, -0.965145234741382, -1903.55935619023, 0, -0.000474538712102243, 0, 0.00409505979312778, 0, 1.36520281484383e-05, 0
0.00437, -1.29193245418779, 2608.58268233287, 0, -0.000484551271745192, 0, 0.00405876810369009, 0, 2.06097740036928e-05, 0
0.00438, -1.25417261280787, 1561.465323387, 0, -0.000503367860346384, 0, 0.00406190751866246, 0, -2.93916906359422e-05, 0
0.00439, 0.773444992955375, -2495.97693824777, 0, -0.000504150036314929, 0, 0.00402768888457575, 0, 3.7561523443377e-06, 0
0.0044, -1.22709366568391, 2767.76568667551, 0, -0.000515538507293968, 0, 0.00407058105184151, 0, 3.71976257317296e-05, 0
0.00441, -0.0882588950217087, 6194.51193171258, 0, -0.000522696051413283, 0, 0.00407161825540693, 0, -6.87869523294646e-06, 0
0.00442, -0.694958320026866, 2209.26746917098, 0, -0.000524118053739471, 0, 0.00405086831849836, 0, -2.4951382900761e-05, 0
0.00443, -0.926013483423809, -1482.59985101769, 0, -0.000532183267146701, 0, 0.0040625314417205, 0, -1.40881654227131e-05, 0
0.00444, -0.961638506041197, -3350.15484325422, 0, -0.000541782231662845, 0, 0.00405254671814072, 0, -4.22442441738149e-06, 0
0.00445, -1.74100147985478, -2561.29920576039, 0, -0.000557116030559789, 0, 0.00407296855080145, 0, 1.1993328167645e-05, 0
0.00446, -0.670470351757702, -175.897275466324, 0, -0.000569541808078317, 0, 0.00407348620643145, 0, 9.25881164742528e-06, 0
0.00447, 0.225840182427473, 903.506244301485, 0, -0.000571051004096786, 0, 0.00401846432760538, 0, 3.79296213189006e-06, 0
0.00448, -1.34509251053355, 1034.25651645752, 0, -0.000584627804894375, 0, 0.00403996769445274, 0, -5.74970518446438e-06, 0
0.00449, -1.82350129370833, -2024.91830658897, 0, -0.000596696654249052, 0, 0.00404412269565592, 0, -2.24235119731776e-05, 0
0.0045, -1.23472753809316, -4222.65611926811, 0, -0.000612160526258507, 0, 0.00408050648282627, 0, 6.9021613225468e-06, 0
0.00451, -0.719897098364084, -235.071761372268, 0, -0.000621775162101234, 0, 0.00408442550140108, 0, 2.23228978350103e-05, 0
0.00452, -1.22200236367454, -157.632181817649, 0, -0.000629987805012868, 0, 0.00406190532371075, 0, -2.3052028826098e-05, 0
0.00453, 0.909645086461915, -5052.32282755567, 0, -0.00063206527360674, 0, 0.00404090649910171, 0, -1.37160037561428e-05, 0
0.00454, 0.21676199702601, -3224.02281871149, 0, -0.000631861467521972, 0, 0.00403660682727062, 0, 2.92844598139623e-05, 0
0.00455, -0.568193208100068, 1808.99780749812, 0, -0.000625429839785101, 0, 0.00402024026695606, 0, 1.73006095400878e-05, 0
0.00456, 1.71229606493047, 3484.01817902109, 0, -0.000618541024333192, 0, 0.00403560802543217, 0, 3.6867126921857e-06, 0
0.00457, 1.08093885027642, 4002.42610983741, 0, -0.000611917361013293, 0, 0.00407683127633311, 0, -6.1703271433808e-07, 0
0.00458, 2.46072038273419, 2342.50034695512, 0, -0.000593434609843382, 0, 0.00406914613269418, 0, -1.54874947261254e-05, 0
0.00459, 1.47168584040508, -816.067268007588, 0, -0.000577433876460613, 0, 0.00407737506591692, 0, -1.53763986801031e-05, 0
0.0046, 2.47852292377469, -2899.52232445481, 0, -0.000558599367522975, 0, 0.00407184436950429, 0, -2.78408066325505e-06, 0
0.00461, 3.89845919312959, 7.29360829207803, 0, -0.000525687534270814, 0, 0.00402513707771651, 0, 3.37400594412063e-05, 0
0.00462, 1.89363086458541, 6296.96207625482, 0, -0.000506777895686139, 0, 0.00406738803780527, 0, 2.10775656181558e-05, 0
0.00463, 3.34155552346779, 6019.57465564387, 0, -0.00048073142482218, 0, 0.00407686739116644, 0, -2.02195600512859e-05, 0
0.00464, 2.77859732501823, 1900.19248034038, 0, -0.000455569986796525, 0, 0.00412733241203931, 0, -1.6205719555474e-05, 0
0.00465, 3.19597117784391, 465.460507584545, 0, -0.000424604772867205, 0, 0.00410265121630497, 0, -1.6693661161591e-07, 0
0.00466, 2.406969556044, 1142.44805799282, 0, -0.000401596135934394, 0, 0.00412823528458776, 0, 3.94881908170264e-06, 0
0.00467, 2.64354757285292, 725.292640799413, 0, -0.000375683505426104, 0, 0.00406585817635245, 0, -1.09127776616012e-05, 0
0.00468, 2.03345914210055, -1879.34015071245, 0, -0.000356136208155329, 0, 0.00405426777039473, 0, -9.14952285051408e-06, 0
0.00469, 0.990230346655817, -1495.85833577667, 0, -0.00034113465820125, 0, 0.00409648350387371, 0, 1.10021008157824e-05, 0
0.0047, 1.11025902661424, -751.654017104088, 0, -0.000331688625206995, 0, 0.00415384900600936, 0, -8.65371700285158e-06, 0
0.00471, 2.4072560638761, -2609.49431903876, 0, -0.000314361536359948, 0, 0.00416263429083696, 0, 1.58491605035579e-06, 0
0.00472, 2.7180407057999, 1254.67931692233, 0, -0.000287380654291824, 0, 0.00411874677069226, 0, 2.82305757090431e-05, 0
0.00473, 2.04644722688438, 3016.28587851656, 0, -0.000269032368303721, 0, 0.00411878110275791, 0, -1.49833819995289e-05, 0
0.00474, 3.34837628737048, -1082.71002992105, 0, -0.00024094965438201, 0, 0.0040743381685296, 0, -1.47669395557131e-05, 0
0.00475, 1.85706889208173, -1402.05929610818, 0, -0.000216420727832546, 0, 0.00408344002112346, 0, 5.7266045326498e-06, 0
0.00476, 3.07377977532652, -671.558185382036, 0, -0.000192167910595518, 0, 0.00408903135821601, 0, 5.10021624420591e-06, 0
0.00477, 2.37438995526017, 1407.93419979922, 0, -0.000167642700663251, 0, 0.00413958084770215, 0, 1.31611258852078e-05, 0
0.00478, 2.951458140096, 1875.46487585125, 0, -0.000142290199564776, 0, 0.00417363154536366, 0, -1.19418987572259e-05, 0
0.00479, 4.4865704095586, -507.429981662521, 0, -0.000104533748008803, 0, 0.00413323255486287, 0, -8.1631794772782e-07, 0
0.0048, 3.90433997317765, 2358.14332308632, 0, -6.34311396499748e-05, 0, 0.00411123010059237, 0, 2.13599738442064e-05, 0
0.00481, 4.29903624670105, 4456.15596304004, 0, -2.24275845645608e-05, 0, 0.00408150805298024, 0, 1.0518379838849e-06, 0
0.00482, 4.70840782219996, 4439.31501863267, 0, 2.3432988321101e-05, 0, 0.00412769158973129, 0, 2.50875392168691e-06, 0
0.00483, 4.13945210084279, 4938.75966059351, 0, 6.8119240115314e-05, 0, 0.00414646527250748, 0, -2.31259455376875e-06, 0
0.00484, 4.50983685960539, 3555.99608483683, 0, 0.000109539389230756, 0, 0.00411351033490064, 0, -8.58167751649428e-06, 0
0.00485, 3.46211265185348, 1834.87913479911, 0, 0.000149759544300462, 0, 0.00412365750904501, 0, -1.3290668310528e-05, 0
0.00486, 3.13125181994006, -1125.04535122179, 0, 0.000181615256759602, 0, 0.00409971488572044, 0, -9.92407110911926e-06, 0
0.00487, 3.76932322015997, 378.686659734157, 0, 0.000218320752163668, 0, 0.00411577694860954, 0, 2.42949569766194e-05, 0
0.00488, 1.86873901056749, 3022.33419283006, 0, 0.000245813492854239, 0, 0.00412876568888736, 0, -1.03472256282377e-05, 0
0.00489, 1.84446065871197, -1830.35944128008, 0, 0.00026318107057524, 0, 0.00407001316508578, 0, -2.2589907057147e-05, 0
0.0049, 2.36555221470689, -1482.57603284102, 0, 0.000292865788076873, 0, 0.00408969987928579, 0, 2.05019820377402e-05, 0
0.00491, 2.81482242983777, 519.619784332217, 0, 0.00030962905098523, 0, 0.00407503321619109, 0, -4.23059336590241e-06, 0
0.00492, 2.61630391653166, -88.2567009304574, 0, 0.000338143764351753, 0, 0.00412822534333769, 0, 8.68775463435844e-06, 0
0.00493, 1.10618701097169, 2151.45645330112, 0, 0.000356715911090967, 0, 0.00412296888139104, 0, 2.45201300486149e-08, 0
0.00494, 2.38810475737739, -1714.79351294457, 0, 0.000366566822164721, 0, 0.00408395890889156, 0, -2.7473067271368e-05, 0
0.00495, 1.5161601882644, -2754.85349135571, 0, 0.000388959922016792, 0, 0.0041078039590782, 0, 1.87143279930549e-05, 0
0.00496, 0.896801725556596, -549.944044133506, 0, 0.00039502420011189, 0, 0.00405624370614892, 0, -8.20217689480478e-06, 0
0.00497, 2.74131605077612, -3584.01304954278, 0, 0.000412425627249091, 0, 0.00408061356576717, 0, -4.90144191733623e-06, 0
0.00498, 1.60785361724809, 1784.28743754728, 0, 0.000436697512525505, 0, 0.00409124445056773, 0, 4.68911293812097e-05, 0
0.00499, 2.36931494428479, 5321.75230419001, 0, 0.000453594622622263, 0, 0.00408435714106395, 0, -1.86177523919264e-05, 0
0.005, 2.83220146054023, -262.182260106993, 0, 0.000480247104811489, 0, 0.00408754904550694, 0, -1.56692784366891e-05, 0
