my_atoms, my_ke, my_cpu, my_time, 1_disp, 2_disp,  1_vel, 2_vel,  1_force, 2_force,  force1y, force2y,  force1z, force2z
2, 2.69422985972093e-11, 0, 5e-06, -0.0002, 0.0002005,  0, 0.1 ,  0, -33541019.6624983,  0, 0,  0, 0
2, 2.69422985972093e-11, 5.74520000000134e-05, 1e-05, -0.0002, 0.000201,  0, 0.1 ,  0, -48733971.7240447,  0, 0,  0, 0
2, 2.69422985972093e-11, 8.23220000000235e-05, 1.5e-05, -0.0002, 0.0002015,  0, 0.1 ,  0, -60207972.8939628,  0, 0,  0, 0
2, 2.69422985972093e-11, 0.000104985999999974, 2e-05, -0.0002, 0.000202,  0, 0.1 ,  0, -69821200.2188451,  0, 0,  0, 0
2, 2.69422985972093e-11, 0.000125818, 2.5e-05, -0.0002, 0.0002025,  0, 0.1 ,  0, -78262379.2124932,  0, 0,  0, 0
2, 2.69422985972093e-11, 0.000146833000000013, 3e-05, -0.0002, 0.000203,  0, 0.1 ,  0, -85877820.186589,  0, 0,  0, 0
2, 2.69422985972093e-11, 0.000166792999999998, 3.5e-05, -0.0002, 0.0002035,  0, 0.1 ,  0, -92870878.1050336,  0, 0,  0, 0
2, 2.69422985972093e-11, 0.000187113999999988, 4e-05, -0.0002, 0.000204,  0, 0.1 ,  0, -99373034.5717591,  0, 0,  0, 0
2, 2.69422985972093e-11, 0.000207402999999995, 4.5e-05, -0.0002, 0.0002045,  0, 0.1 ,  0, -105475115.548645,  0, 0,  0, 0
2, 2.69422985972093e-11, 0.000227050000000006, 5e-05, -0.0002, 0.000205,  0, 0.1 ,  0, -111242977.306435,  0, 0,  0, 0
2, 2.69422985972093e-11, 0.00024740099999998, 5.5e-05, -0.0002, 0.0002055,  0, 0.1 ,  0, -116726175.299288,  0, 0,  0, 0
2, 2.69422985972093e-11, 0.000267787000000019, 6e-05, -0.0002, 0.000206,  0, 0.1 ,  0, -121963109.176505,  0, 0,  0, 0
2, 2.69422985972093e-11, 0.000288069999999974, 6.5e-05, -0.0002, 0.0002065,  0, 0.1 ,  0, -126984250.992003,  0, 0,  0, 0
2, 2.69422985972093e-11, 0.000308328999999996, 7e-05, -0.0002, 0.000207,  0, 0.1 ,  0, -131814263.264641,  0, 0,  0, 0
2, 2.69422985972093e-11, 0.000328506000000006, 7.5e-05, -0.0002, 0.0002075,  0, 0.1 ,  0, -136473440.639562,  0, 0,  0, 0
2, 2.69422985972093e-11, 0.000348976000000001, 8e-05, -0.0002, 0.000208,  0, 0.1 ,  0, -140978721.798717,  0, 0,  0, 0
2, 2.69422985972093e-11, 0.000369277999999973, 8.5e-05, -0.0002, 0.0002085,  0, 0.1 ,  0, -145344418.537486,  0, 0,  0, 0
2, 2.69422985972093e-11, 0.000389454999999983, 9e-05, -0.0002, 0.000209,  0, 0.1 ,  0, -149582753.016516,  0, 0,  0, 0
2, 2.69422985972093e-11, 0.000409714000000005, 9.5e-05, -0.0002, 0.0002095,  0, 0.1 ,  0, -153704261.489394,  0, 0,  0, 0
2, 2.69422985972093e-11, 0.000430054000000013, 0.0001, -0.0002, 0.00021,  0, 0.1 ,  0, -157718102.955875,  0, 0,  0, 0
2, 2.69422985972093e-11, 0.000450818000000019, 0.000105, -0.0002, 0.0002105,  0, 0.1 ,  0, -161632298.752447,  0, 0,  0, 0
2, 2.69422985972093e-11, 0.000471164000000024, 0.00011, -0.0002, 0.000211,  0, 0.1 ,  0, -165453921.077743,  0, 0,  0, 0
2, 2.69422985972093e-11, 0.000499077000000014, 0.000115, -0.0002, 0.0002115,  0, 0.1 ,  0, -169189243.156887,  0, 0,  0, 0
2, 2.69422985972093e-11, 0.000519947000000021, 0.00012, -0.0002, 0.000212,  0, 0.1 ,  0, -172843860.174436,  0, 0,  0, 0
2, 2.69422985972093e-11, 0.000540168999999979, 0.000125, -0.0002, 0.0002125,  0, 0.1 ,  0, -176422787.643774,  0, 0,  0, 0
2, 2.69422985972093e-11, 0.000560534000000001, 0.00013, -0.0002, 0.000213,  0, 0.1 ,  0, -179930542.154466,  0, 0,  0, 0
2, 2.69422985972093e-11, 0.000580652000000015, 0.000135, -0.0002, 0.0002135,  0, 0.1 ,  0, -183371208.208923,  0, 0,  0, 0
2, 2.69422985972093e-11, 0.000600812000000006, 0.00014, -0.0002, 0.000214,  0, 0.1 ,  0, -186748493.969831,  0, 0,  0, 0
2, 2.69422985972093e-11, 0.000620869999999996, 0.000145, -0.0002, 0.0002145,  0, 0.1 ,  0, -190065778.087482,  0, 0,  0, 0
2, 2.69422985972093e-11, 0.000641041000000009, 0.00015, -0.0002, 0.000215,  0, 0.1 ,  0, -193326149.291812,  0, 0,  0, 0
2, 2.69422985972093e-11, 0.000661151999999998, 0.000155, -0.0002, 0.0002155,  0, 0.1 ,  0, -196532440.070336,  0, 0,  0, 0
2, 2.69422985972093e-11, 0.000681376999999983, 0.00016, -0.0002, 0.000216,  0, 0.1 ,  0, -199687255.477159,  0, 0,  0, 0
2, 2.69422985972093e-11, 0.000701532000000005, 0.000165, -0.0002, 0.0002165,  0, 0.1 ,  0, -202792997.906732,  0, 0,  0, 0
2, 2.69422985972093e-11, 0.000721689000000025, 0.00017, -0.0002, 0.000217,  0, 0.1 ,  0, -205851888.502389,  0, 0,  0, 0
2, 2.69422985972093e-11, 0.000744925999999979, 0.000175, -0.0002, 0.0002175,  0, 0.1 ,  0, -208865985.742054,  0, 0,  0, 0
2, 2.69422985972093e-11, 0.000765310000000019, 0.00018, -0.0002, 0.000218,  0, 0.1 ,  0, -211837201.643149,  0, 0,  0, 0
2, 2.69422985972093e-11, 0.000785484000000003, 0.000185, -0.0002, 0.0002185,  0, 0.1 ,  0, -214767315.949146,  0, 0,  0, 0
2, 2.69422985972093e-11, 0.000805692999999996, 0.00019, -0.0002, 0.000219,  0, 0.1 ,  0, -217657988.596789,  0, 0,  0, 0
2, 2.69422985972093e-11, 0.000825876999999975, 0.000195, -0.0002, 0.0002195,  0, 0.1 ,  0, -220510770.712,  0, 0,  0, 0
2, 2.69422985972093e-11, 0.000846190000000024, 0.0002, -0.0002, 0.00022,  0, 0.1 ,  0, -223327114.341273,  0, 0,  0, 0
2, 2.69422985972093e-11, 0.000866442999999995, 0.000205, -0.0002, 0.0002205,  0, 0.1 ,  0, -226108381.0919,  0, 0,  0, 0
2, 2.69422985972093e-11, 0.000886659000000012, 0.00021, -0.0002, 0.000221,  0, 0.1 ,  0, -228855849.826916,  0, 0,  0, 0
2, 2.69422985972093e-11, 0.000906809000000008, 0.000215, -0.0002, 0.0002215,  0, 0.1 ,  0, -231570723.538188,  0, 0,  0, 0
2, 2.69422985972093e-11, 0.000926951999999981, 0.00022, -0.0002, 0.000222,  0, 0.1 ,  0, -234254135.50245,  0, 0,  0, 0
2, 2.69422985972093e-11, 0.000947173000000023, 0.000225, -0.0002, 0.0002225,  0, 0.1 ,  0, -236907154.809643,  0, 0,  0, 0
2, 2.69422985972093e-11, 0.000967368999999996, 0.00023, -0.0002, 0.000223,  0, 0.1 ,  0, -239530791.34007,  0, 0,  0, 0
2, 2.69422985972093e-11, 0.000987532999999985, 0.000235, -0.0002, 0.0002235,  0, 0.1 ,  0, -242126000.256065,  0, 0,  0, 0
2, 2.69422985972093e-11, 0.0010077, 0.00024, -0.0002, 0.000224,  0, 0.1 ,  0, -244693686.064843,  0, 0,  0, 0
2, 2.69422985972093e-11, 0.00102803899999998, 0.000245, -0.0002, 0.0002245,  0, 0.1 ,  0, -247234706.301522,  0, 0,  0, 0
2, 2.69422985972093e-11, 0.00104820300000003, 0.00025, -0.0002, 0.000225,  0, 0.1 ,  0, -249749874.874844,  0, 0,  0, 0
2, 2.69422985972093e-11, 0.00106856900000002, 0.000255, -0.0002, 0.0002255,  0, 0.1 ,  0, -252239965.112589,  0, 0,  0, 0
2, 2.69422985972093e-11, 0.00108875600000002, 0.00026, -0.0002, 0.000226,  0, 0.1 ,  0, -254705712.539001,  0, 0,  0, 0
2, 2.69422985972093e-11, 0.00110884900000002, 0.000265, -0.0002, 0.0002265,  0, 0.1 ,  0, -257147817.412476,  0, 0,  0, 0
2, 2.69422985972093e-11, 0.001129029, 0.00027, -0.0002, 0.000227,  0, 0.1 ,  0, -259566947.048348,  0, 0,  0, 0
2, 2.69422985972093e-11, 0.00114929600000002, 0.000275, -0.0002, 0.0002275,  0, 0.1 ,  0, -261963737.948595,  0, 0,  0, 0
2, 2.69422985972093e-11, 0.00116944299999999, 0.00028, -0.0002, 0.000228,  0, 0.1 ,  0, -264338797.757726,  0, 0,  0, 0
2, 2.69422985972093e-11, 0.00118953700000002, 0.000285, -0.0002, 0.0002285,  0, 0.1 ,  0, -266692707.061892,  0, 0,  0, 0
2, 2.69422985972093e-11, 0.00120958799999998, 0.00029, -0.0002, 0.000229,  0, 0.1 ,  0, -269026021.046292,  0, 0,  0, 0
2, 2.69422985972093e-11, 0.00122961500000002, 0.000295, -0.0002, 0.0002295,  0, 0.1 ,  0, -271339271.024303,  0, 0,  0, 0
2, 2.69422985972093e-11, 0.001252737, 0.0003, -0.0002, 0.00023,  0, 0.1 ,  0, -273632965.850243,  0, 0,  0, 0
2, 2.69422985972093e-11, 0.00127329300000001, 0.000305, -0.0002, 0.0002305,  0, 0.1 ,  0, -275907593.226428,  0, 0,  0, 0
2, 2.69422985972093e-11, 0.00129340700000002, 0.00031, -0.0002, 0.000231,  0, 0.1 ,  0, -278163620.914023,  0, 0,  0, 0
2, 2.69422985972093e-11, 0.00131350899999999, 0.000315, -0.0002, 0.0002315,  0, 0.1 ,  0, -280401497.856199,  0, 0,  0, 0
2, 2.69422985972093e-11, 0.00133367600000001, 0.00032, -0.0002, 0.000232,  0, 0.1 ,  0, -282621655.221252,  0, 0,  0, 0
2, 2.69422985972093e-11, 0.001353779, 0.000325, -0.0002, 0.0002325,  0, 0.1 ,  0, -284824507.372523,  0, 0,  0, 0
2, 2.69422985972093e-11, 0.00137393600000002, 0.00033, -0.0002, 0.000233,  0, 0.1 ,  0, -287010452.771323,  0, 0,  0, 0
2, 2.69422985972093e-11, 0.00139402500000002, 0.000335, -0.0002, 0.0002335,  0, 0.1 ,  0, -289179874.818425,  0, 0,  0, 0
2, 2.69422985972093e-11, 0.00141413200000001, 0.00034, -0.0002, 0.000234,  0, 0.1 ,  0, -291333142.639144,  0, 0,  0, 0
2, 2.69422985972093e-11, 0.001436571, 0.000345, -0.0002, 0.0002345,  0, 0.1 ,  0, -293470611.816584,  0, 0,  0, 0
2, 2.69422985972093e-11, 0.001456972, 0.00035, -0.0002, 0.000235,  0, 0.1 ,  0, -295592625.077149,  0, 0,  0, 0
2, 2.69422985972093e-11, 0.00147713799999999, 0.000355, -0.0002, 0.0002355,  0, 0.1 ,  0, -297699512.932084,  0, 0,  0, 0
2, 2.69422985972093e-11, 0.00149728399999999, 0.00036, -0.0002, 0.000236,  0, 0.1 ,  0, -299791594.278426,  0, 0,  0, 0
2, 2.69422985972093e-11, 0.00151743199999999, 0.000365, -0.0002, 0.0002365,  0, 0.1 ,  0, -301869176.962472,  0, 0,  0, 0
2, 2.69422985972093e-11, 0.00153754899999997, 0.00037, -0.0002, 0.000237,  0, 0.1 ,  0, -303932558.308583,  0, 0,  0, 0
2, 2.69422985972093e-11, 0.00155762799999998, 0.000375, -0.0002, 0.0002375,  0, 0.1 ,  0, -305982025.615885,  0, 0,  0, 0
2, 2.69422985972093e-11, 0.00157773099999997, 0.00038, -0.0002, 0.000238,  0, 0.1 ,  0, -308017856.625229,  0, 0,  0, 0
2, 2.69422985972093e-11, 0.00159790100000001, 0.000385, -0.0002, 0.0002385,  0, 0.1 ,  0, -310040319.95855,  0, 0,  0, 0
2, 2.69422985972093e-11, 0.00161794700000001, 0.00039, -0.0002, 0.000239,  0, 0.1 ,  0, -312049675.532599,  0, 0,  0, 0
2, 2.69422985972093e-11, 0.00163802600000001, 0.000395, -0.0002, 0.0002395,  0, 0.1 ,  0, -314046174.948844,  0, 0,  0, 0
2, 2.69422985972093e-11, 0.001658202, 0.0004, -0.0002, 0.00024,  0, 0.1 ,  0, -316030061.86121,  0, 0,  0, 0
2, 2.69422985972093e-11, 0.00167848900000001, 0.000405, -0.0002, 0.0002405,  0, 0.1 ,  0, -318001572.323157,  0, 0,  0, 0
2, 2.69422985972093e-11, 0.00169855000000002, 0.00041, -0.0002, 0.000241,  0, 0.1 ,  0, -319960935.115523,  0, 0,  0, 0
2, 2.69422985972093e-11, 0.00171861499999998, 0.000415, -0.0002, 0.0002415,  0, 0.1 ,  0, -321908372.056398,  0, 0,  0, 0
2, 2.69422985972093e-11, 0.00173880700000001, 0.00042, -0.0002, 0.000242,  0, 0.1 ,  0, -323844098.294226,  0, 0,  0, 0
2, 2.69422985972093e-11, 0.00175888099999999, 0.000425, -0.0002, 0.0002425,  0, 0.1 ,  0, -325768322.585239,  0, 0,  0, 0
2, 2.69422985972093e-11, 0.00177902899999999, 0.00043, -0.0002, 0.000243,  0, 0.1 ,  0, -327681247.556219,  0, 0,  0, 0
2, 2.69422985972093e-11, 0.00179904199999997, 0.000435, -0.0002, 0.0002435,  0, 0.1 ,  0, -329583069.95354,  0, 0,  0, 0
2, 2.69422985972093e-11, 0.00181916900000001, 0.00044, -0.0002, 0.000244,  0, 0.1 ,  0, -331473980.879345,  0, 0,  0, 0
2, 2.69422985972093e-11, 0.00183917, 0.000445, -0.0002, 0.0002445,  0, 0.1 ,  0, -333354166.015666,  0, 0,  0, 0
2, 2.69422985972093e-11, 0.00185920699999997, 0.00045, -0.0002, 0.000245,  0, 0.1 ,  0, -335223805.837235,  0, 0,  0, 0
2, 2.69422985972093e-11, 0.001879201, 0.000455, -0.0002, 0.0002455,  0, 0.1 ,  0, -337083075.813664,  0, 0,  0, 0
2, 2.69422985972093e-11, 0.00189921599999998, 0.00046, -0.0002, 0.000246,  0, 0.1 ,  0, -338932146.601646,  0, 0,  0, 0
2, 2.69422985972093e-11, 0.00191930200000001, 0.000465, -0.0002, 0.0002465,  0, 0.1 ,  0, -340771184.227775,  0, 0,  0, 0
2, 2.69422985972093e-11, 0.00193940999999997, 0.00047, -0.0002, 0.000247,  0, 0.1 ,  0, -342600350.262518,  0, 0,  0, 0
2, 2.69422985972093e-11, 0.00195936400000002, 0.000475, -0.0002, 0.0002475,  0, 0.1 ,  0, -344419801.98589,  0, 0,  0, 0
2, 2.69422985972093e-11, 0.00197955700000002, 0.00048, -0.0002, 0.000248,  0, 0.1 ,  0, -346229692.545281,  0, 0,  0, 0
2, 2.69422985972093e-11, 0.00199964600000002, 0.000485, -0.0002, 0.0002485,  0, 0.1 ,  0, -348030171.105897,  0, 0,  0, 0
2, 2.69422985972093e-11, 0.00202254800000001, 0.00049, -0.0002, 0.000249,  0, 0.1 ,  0, -349821382.994236,  0, 0,  0, 0
2, 2.69422985972093e-11, 0.00204289099999999, 0.000495, -0.0002, 0.0002495,  0, 0.1 ,  0, -351603469.834983,  0, 0,  0, 0
2, 2.69422985972093e-11, 0.00206312399999997, 0.0005, -0.0002, 0.00025,  0, 0.1 ,  0, -353376569.681692,  0, 0,  0, 0
2, 2.69422985972093e-11, 0.00208324599999998, 0.000505, -0.0002, 0.0002505,  0, 0.1 ,  0, -355140817.141595,  0, 0,  0, 0
2, 2.69422985972093e-11, 0.00210335, 0.00051, -0.0002, 0.000251,  0, 0.1 ,  0, -356896343.494859,  0, 0,  0, 0
2, 2.69422985972093e-11, 0.00212594300000002, 0.000515, -0.0002, 0.0002515,  0, 0.1 ,  0, -358643276.808586,  0, 0,  0, 0
2, 2.69422985972093e-11, 0.00214626200000001, 0.00052, -0.0002, 0.000252,  0, 0.1 ,  0, -360381742.045848,  0, 0,  0, 0
2, 2.69422985972093e-11, 0.00216630200000001, 0.000525, -0.0002, 0.0002525,  0, 0.1 ,  0, -362111861.169998,  0, 0,  0, 0
2, 2.69422985972093e-11, 0.00218639500000001, 0.00053, -0.0002, 0.000253,  0, 0.1 ,  0, -363833753.244528,  0, 0,  0, 0
2, 2.69422985972093e-11, 0.00220638499999998, 0.000535, -0.0002, 0.0002535,  0, 0.1 ,  0, -365547534.528685,  0, 0,  0, 0
2, 2.69422985972093e-11, 0.00222645599999999, 0.00054, -0.0002, 0.000254,  0, 0.1 ,  0, -367253318.569077,  0, 0,  0, 0
2, 2.69422985972093e-11, 0.00224647, 0.000545, -0.0002, 0.0002545,  0, 0.1 ,  0, -368951216.287465,  0, 0,  0, 0
2, 2.69422985972093e-11, 0.00226655799999997, 0.00055, -0.0002, 0.000255,  0, 0.1 ,  0, -370641336.064935,  0, 0,  0, 0
2, 2.69422985972093e-11, 0.00228666999999999, 0.000555, -0.0002, 0.0002555,  0, 0.1 ,  0, -372323783.82263,  0, 0,  0, 0
2, 2.69422985972093e-11, 0.002306851, 0.00056, -0.0002, 0.000256,  0, 0.1 ,  0, -373998663.099215,  0, 0,  0, 0
2, 2.69422985972093e-11, 0.00232691499999998, 0.000565, -0.0002, 0.0002565,  0, 0.1 ,  0, -375666075.125237,  0, 0,  0, 0
2, 2.69422985972093e-11, 0.00234690700000001, 0.00057, -0.0002, 0.000257,  0, 0.1 ,  0, -377326118.894518,  0, 0,  0, 0
2, 2.69422985972093e-11, 0.00236686800000002, 0.000575, -0.0002, 0.0002575,  0, 0.1 ,  0, -378978891.232744,  0, 0,  0, 0
2, 2.69422985972093e-11, 0.00238698999999998, 0.00058, -0.0002, 0.000258,  0, 0.1 ,  0, -380624486.863365,  0, 0,  0, 0
2, 2.69422985972093e-11, 0.00240711100000002, 0.000585, -0.0002, 0.0002585,  0, 0.1 ,  0, -382262998.470948,  0, 0,  0, 0
2, 2.69422985972093e-11, 0.00242719400000002, 0.00059, -0.0002, 0.000259,  0, 0.1 ,  0, -383894516.762092,  0, 0,  0, 0
2, 2.69422985972093e-11, 0.00244725200000001, 0.000595, -0.0002, 0.0002595,  0, 0.1 ,  0, -385519130.524025,  0, 0,  0, 0
2, 2.69422985972093e-11, 0.00246735399999998, 0.0006, -0.0002, 0.00026,  0, 0.1 ,  0, -387136926.680987,  0, 0,  0, 0
2, 2.69422985972093e-11, 0.00248748599999998, 0.000605, -0.0002, 0.0002605,  0, 0.1 ,  0, -388747990.348503,  0, 0,  0, 0
2, 2.69422985972093e-11, 0.00250752300000001, 0.00061, -0.0002, 0.000261,  0, 0.1 ,  0, -390352404.885637,  0, 0,  0, 0
2, 2.69422985972093e-11, 0.00252750200000001, 0.000615, -0.0002, 0.0002615,  0, 0.1 ,  0, -391950251.94532,  0, 0,  0, 0
2, 2.69422985972093e-11, 0.00254754200000001, 0.00062, -0.0002, 0.000262,  0, 0.1 ,  0, -393541611.522848,  0, 0,  0, 0
2, 2.69422985972093e-11, 0.00256759299999998, 0.000625, -0.0002, 0.0002625,  0, 0.1 ,  0, -395126562.002607,  0, 0,  0, 0
2, 2.69422985972093e-11, 0.00258764499999997, 0.00063, -0.0002, 0.000263,  0, 0.1 ,  0, -396705180.203133,  0, 0,  0, 0
2, 2.69422985972093e-11, 0.00260765600000001, 0.000635, -0.0002, 0.0002635,  0, 0.1 ,  0, -398277541.420553,  0, 0,  0, 0
2, 2.69422985972093e-11, 0.002627828, 0.00064, -0.0002, 0.000264,  0, 0.1 ,  0, -399843719.470495,  0, 0,  0, 0
2, 2.69422985972093e-11, 0.00264790599999998, 0.000645, -0.0002, 0.0002645,  0, 0.1 ,  0, -401403786.728526,  0, 0,  0, 0
2, 2.69422985972093e-11, 0.00266789200000001, 0.00065, -0.0002, 0.000265,  0, 0.1 ,  0, -402957814.169176,  0, 0,  0, 0
2, 2.69422985972093e-11, 0.00268799599999997, 0.000655, -0.0002, 0.0002655,  0, 0.1 ,  0, -404505871.403618,  0, 0,  0, 0
2, 2.69422985972093e-11, 0.00270808099999997, 0.00066, -0.0002, 0.000266,  0, 0.1 ,  0, -406048026.716053,  0, 0,  0, 0
2, 2.69422985972093e-11, 0.00272807600000002, 0.000665, -0.0002, 0.0002665,  0, 0.1 ,  0, -407584347.098855,  0, 0,  0, 0
2, 2.69422985972093e-11, 0.00274810199999997, 0.00067, -0.0002, 0.000267,  0, 0.1 ,  0, -409114898.286533,  0, 0,  0, 0
2, 2.69422985972093e-11, 0.00277096500000001, 0.000675, -0.0002, 0.0002675,  0, 0.1 ,  0, -410639744.788543,  0, 0,  0, 0
2, 2.69422985972093e-11, 0.00279135800000002, 0.00068, -0.0002, 0.000268,  0, 0.1 ,  0, -412158949.921023,  0, 0,  0, 0
2, 2.69422985972093e-11, 0.00281366199999999, 0.000685, -0.0002, 0.0002685,  0, 0.1 ,  0, -413672575.837461,  0, 0,  0, 0
2, 2.69422985972093e-11, 0.00283391999999999, 0.00069, -0.0002, 0.000269,  0, 0.1 ,  0, -415180683.558376,  0, 0,  0, 0
2, 2.69422985972093e-11, 0.00285400699999999, 0.000695, -0.0002, 0.0002695,  0, 0.1 ,  0, -416683333.000013,  0, 0,  0, 0
2, 2.69422985972093e-11, 0.00287391100000001, 0.0007, -0.0002, 0.00027,  0, 0.1 ,  0, -418180583.002129,  0, 0,  0, 0
2, 2.69422985972093e-11, 0.00289396199999997, 0.000705, -0.0002, 0.0002705,  0, 0.1 ,  0, -419672491.354866,  0, 0,  0, 0
2, 2.69422985972093e-11, 0.00291398799999998, 0.00071, -0.0002, 0.000271,  0, 0.1 ,  0, -421159114.824789,  0, 0,  0, 0
2, 2.69422985972093e-11, 0.00293405000000002, 0.000715, -0.0002, 0.0002715,  0, 0.1 ,  0, -422640509.180083,  0, 0,  0, 0
2, 2.69422985972093e-11, 0.002954189, 0.00072, -0.0002, 0.000272,  0, 0.1 ,  0, -424116729.214965,  0, 0,  0, 0
2, 2.69422985972093e-11, 0.00297430799999998, 0.000725, -0.0002, 0.0002725,  0, 0.1 ,  0, -425587828.773333,  0, 0,  0, 0
2, 2.69422985972093e-11, 0.00299438099999999, 0.00073, -0.0002, 0.000273,  0, 0.1 ,  0, -427053860.771683,  0, 0,  0, 0
2, 2.69422985972093e-11, 0.00301438399999998, 0.000735, -0.0002, 0.0002735,  0, 0.1 ,  0, -428514877.221317,  0, 0,  0, 0
2, 2.69422985972093e-11, 0.00303452500000001, 0.00074, -0.0002, 0.000274,  0, 0.1 ,  0, -429970929.249874,  0, 0,  0, 0
2, 2.69422985972093e-11, 0.00305455900000001, 0.000745, -0.0002, 0.0002745,  0, 0.1 ,  0, -431422067.122209,  0, 0,  0, 0
2, 2.69422985972093e-11, 0.00307465000000001, 0.00075, -0.0002, 0.000275,  0, 0.1 ,  0, -432868340.260639,  0, 0,  0, 0
2, 2.69422985972093e-11, 0.00309469800000001, 0.000755, -0.0002, 0.0002755,  0, 0.1 ,  0, -434309797.264579,  0, 0,  0, 0
2, 2.69422985972093e-11, 0.00311478399999998, 0.00076, -0.0002, 0.000276,  0, 0.1 ,  0, -435746485.929606,  0, 0,  0, 0
2, 2.69422985972093e-11, 0.003134939, 0.000765, -0.0002, 0.0002765,  0, 0.1 ,  0, -437178453.26594,  0, 0,  0, 0
2, 2.69422985972093e-11, 0.00315501899999998, 0.00077, -0.0002, 0.000277,  0, 0.1 ,  0, -438605745.516403,  0, 0,  0, 0
2, 2.69422985972093e-11, 0.00317504600000001, 0.000775, -0.0002, 0.0002775,  0, 0.1 ,  0, -440028408.173836,  0, 0,  0, 0
2, 2.69422985972093e-11, 0.003195104, 0.00078, -0.0002, 0.000278,  0, 0.1 ,  0, -441446485.99802,  0, 0,  0, 0
2, 2.69422985972093e-11, 0.00321519399999998, 0.000785, -0.0002, 0.0002785,  0, 0.1 ,  0, -442860023.032109,  0, 0,  0, 0
2, 2.69422985972093e-11, 0.00323517899999998, 0.00079, -0.0002, 0.000279,  0, 0.1 ,  0, -444269062.618589,  0, 0,  0, 0
2, 2.69422985972093e-11, 0.00325525500000001, 0.000795, -0.0002, 0.0002795,  0, 0.1 ,  0, -445673647.414787,  0, 0,  0, 0
2, 2.69422985972093e-11, 0.003275378, 0.0008, -0.0002, 0.00028,  0, 0.1 ,  0, -447073819.407936,  0, 0,  0, 0
2, 2.69422985972093e-11, 0.00329553599999999, 0.000805, -0.0002, 0.0002805,  0, 0.1 ,  0, -448469619.929823,  0, 0,  0, 0
2, 2.69422985972093e-11, 0.00331574299999998, 0.00081, -0.0002, 0.000281,  0, 0.1 ,  0, -449861089.671023,  0, 0,  0, 0
2, 2.69422985972093e-11, 0.00333571900000001, 0.000815, -0.0002, 0.0002815,  0, 0.1 ,  0, -451248268.69474,  0, 0,  0, 0
2, 2.69422985972093e-11, 0.00335581200000001, 0.00082, -0.0002, 0.000282,  0, 0.1 ,  0, -452631196.450267,  0, 0,  0, 0
2, 2.69422985972093e-11, 0.003375831, 0.000825, -0.0002, 0.0002825,  0, 0.1 ,  0, -454009911.786076,  0, 0,  0, 0
2, 2.69422985972093e-11, 0.00339582100000002, 0.00083, -0.0002, 0.000283,  0, 0.1 ,  0, -455384452.962549,  0, 0,  0, 0
2, 2.69422985972093e-11, 0.00341583200000001, 0.000835, -0.0002, 0.0002835,  0, 0.1 ,  0, -456754857.664371,  0, 0,  0, 0
2, 2.69422985972093e-11, 0.00343595600000002, 0.00084, -0.0002, 0.000284,  0, 0.1 ,  0, -458121163.012581,  0, 0,  0, 0
2, 2.69422985972093e-11, 0.00345608600000002, 0.000845, -0.0002, 0.0002845,  0, 0.1 ,  0, -459483405.576306,  0, 0,  0, 0
2, 2.69422985972093e-11, 0.00347621999999997, 0.00085, -0.0002, 0.000285,  0, 0.1 ,  0, -460841621.38418,  0, 0,  0, 0
2, 2.69422985972093e-11, 0.00349873899999997, 0.000855, -0.0002, 0.0002855,  0, 0.1 ,  0, -462195845.935465,  0, 0,  0, 0
2, 2.69422985972093e-11, 0.003519045, 0.00086, -0.0002, 0.000286,  0, 0.1 ,  0, -463546114.210873,  0, 0,  0, 0
2, 2.69422985972093e-11, 0.00354194899999999, 0.000865, -0.0002, 0.0002865,  0, 0.1 ,  0, -464892460.683113,  0, 0,  0, 0
2, 2.69422985972093e-11, 0.00356229699999999, 0.00087, -0.0002, 0.000287,  0, 0.1 ,  0, -466234919.327156,  0, 0,  0, 0
2, 2.69422985972093e-11, 0.00358249700000002, 0.000875, -0.0002, 0.0002875,  0, 0.1 ,  0, -467573523.630241,  0, 0,  0, 0
2, 2.69422985972093e-11, 0.00360265799999998, 0.00088, -0.0002, 0.000288,  0, 0.1 ,  0, -468908306.601621,  0, 0,  0, 0
2, 2.69422985972093e-11, 0.00362267300000002, 0.000885, -0.0002, 0.0002885,  0, 0.1 ,  0, -470239300.782059,  0, 0,  0, 0
2, 2.69422985972093e-11, 0.00364277200000002, 0.00089, -0.0002, 0.000289,  0, 0.1 ,  0, -471566538.253087,  0, 0,  0, 0
2, 2.69422985972093e-11, 0.003667064, 0.000895, -0.0002, 0.0002895,  0, 0.1 ,  0, -472890050.646025,  0, 0,  0, 0
2, 2.69422985972093e-11, 0.00368874699999999, 0.0009, -0.0002, 0.00029,  0, 0.1 ,  0, -474209869.15078,  0, 0,  0, 0
2, 2.69422985972093e-11, 0.00370894500000002, 0.000905, -0.0002, 0.0002905,  0, 0.1 ,  0, -475526024.524421,  0, 0,  0, 0
2, 2.69422985972093e-11, 0.003728968, 0.00091, -0.0002, 0.000291,  0, 0.1 ,  0, -476838547.09954,  0, 0,  0, 0
2, 2.69422985972093e-11, 0.00374907200000002, 0.000915, -0.0002, 0.0002915,  0, 0.1 ,  0, -478147466.792411,  0, 0,  0, 0
2, 2.69422985972093e-11, 0.00376925, 0.00092, -0.0002, 0.000292,  0, 0.1 ,  0, -479452813.110946,  0, 0,  0, 0
2, 2.69422985972093e-11, 0.003789343, 0.000925, -0.0002, 0.0002925,  0, 0.1 ,  0, -480754615.162455,  0, 0,  0, 0
2, 2.69422985972093e-11, 0.00380945900000002, 0.00093, -0.0002, 0.000293,  0, 0.1 ,  0, -482052901.661218,  0, 0,  0, 0
2, 2.69422985972093e-11, 0.00382945699999998, 0.000935, -0.0002, 0.0002935,  0, 0.1 ,  0, -483347700.935879,  0, 0,  0, 0
2, 2.69422985972093e-11, 0.00384953999999998, 0.00094, -0.0002, 0.000294,  0, 0.1 ,  0, -484639040.936654,  0, 0,  0, 0
2, 2.69422985972093e-11, 0.00386953099999998, 0.000945, -0.0002, 0.0002945,  0, 0.1 ,  0, -485926949.242373,  0, 0,  0, 0
2, 2.69422985972093e-11, 0.00388953399999997, 0.00095, -0.0002, 0.000295,  0, 0.1 ,  0, -487211453.067352,  0, 0,  0, 0
2, 2.69422985972093e-11, 0.00390953300000002, 0.000955, -0.0002, 0.0002955,  0, 0.1 ,  0, -488492579.268099,  0, 0,  0, 0
2, 2.69422985972093e-11, 0.00392968100000002, 0.00096, -0.0002, 0.000296,  0, 0.1 ,  0, -489770354.349873,  0, 0,  0, 0
2, 2.69422985972093e-11, 0.00394980699999997, 0.000965, -0.0002, 0.0002965,  0, 0.1 ,  0, -491044804.473074,  0, 0,  0, 0
2, 2.69422985972093e-11, 0.00396985399999999, 0.00097, -0.0002, 0.000297,  0, 0.1 ,  0, -492315955.4595,  0, 0,  0, 0
2, 2.69422985972093e-11, 0.00398995499999999, 0.000975, -0.0002, 0.0002975,  0, 0.1 ,  0, -493583832.798442,  0, 0,  0, 0
2, 2.69422985972093e-11, 0.00401007399999997, 0.00098, -0.0002, 0.000298,  0, 0.1 ,  0, -494848461.652656,  0, 0,  0, 0
2, 2.69422985972093e-11, 0.00403014899999998, 0.000985, -0.0002, 0.0002985,  0, 0.1 ,  0, -496109866.864186,  0, 0,  0, 0
2, 2.69422985972093e-11, 0.00405014300000001, 0.00099, -0.0002, 0.000299,  0, 0.1 ,  0, -497368072.960056,  0, 0,  0, 0
2, 2.69422985972093e-11, 0.004070091, 0.000995, -0.0002, 0.0002995,  0, 0.1 ,  0, -498623104.15784,  0, 0,  0, 0
2, 2.69422985972093e-11, 0.004090284, 0.001, -0.0002, 0.0003,  0, 0.1 ,  0, -499874984.371093,  0, 0,  0, 0
2, 2.69422985972093e-11, 0.00411060699999999, 0.001005, -0.0002, 0.0003005,  0, 0.1 ,  0, -501123737.214673,  0, 0,  0, 0
2, 2.69422985972093e-11, 0.00413080999999998, 0.00101, -0.0002, 0.000301,  0, 0.1 ,  0, -502369386.009936,  0, 0,  0, 0
2, 2.69422985972093e-11, 0.00415102099999998, 0.001015, -0.0002, 0.0003015,  0, 0.1 ,  0, -503611953.78982,  0, 0,  0, 0
2, 2.69422985972093e-11, 0.00417119799999999, 0.00102, -0.0002, 0.000302,  0, 0.1 ,  0, -504851463.303812,  0, 0,  0, 0
2, 2.69422985972093e-11, 0.00419128600000002, 0.001025, -0.0002, 0.0003025,  0, 0.1 ,  0, -506087937.022806,  0, 0,  0, 0
2, 2.69422985972093e-11, 0.00421587000000001, 0.00103, -0.0002, 0.000303,  0, 0.1 ,  0, -507321397.143862,  0, 0,  0, 0
2, 2.69422985972093e-11, 0.00423621299999999, 0.001035, -0.0002, 0.0003035,  0, 0.1 ,  0, -508551865.594848,  0, 0,  0, 0
2, 2.69422985972093e-11, 0.004256284, 0.00104, -0.0002, 0.000304,  0, 0.1 ,  0, -509779364.038993,  0, 0,  0, 0
2, 2.69422985972093e-11, 0.00427628600000002, 0.001045, -0.0002, 0.0003045,  0, 0.1 ,  0, -511003913.879336,  0, 0,  0, 0
2, 2.69422985972093e-11, 0.00429642499999999, 0.00105, -0.0002, 0.000305,  0, 0.1 ,  0, -512225536.26308,  0, 0,  0, 0
2, 2.69422985972093e-11, 0.004319715, 0.001055, -0.0002, 0.0003055,  0, 0.1 ,  0, -513444252.085852,  0, 0,  0, 0
2, 2.69422985972093e-11, 0.00434024300000002, 0.00106, -0.0002, 0.000306,  0, 0.1 ,  0, -514660081.995874,  0, 0,  0, 0
2, 2.69422985972093e-11, 0.00436034000000002, 0.001065, -0.0002, 0.0003065,  0, 0.1 ,  0, -515873046.398045,  0, 0,  0, 0
2, 2.69422985972093e-11, 0.00438042900000002, 0.00107, -0.0002, 0.000307,  0, 0.1 ,  0, -517083165.457937,  0, 0,  0, 0
2, 2.69422985972093e-11, 0.00440065299999998, 0.001075, -0.0002, 0.0003075,  0, 0.1 ,  0, -518290459.105703,  0, 0,  0, 0
2, 2.69422985972093e-11, 0.00442077699999999, 0.00108, -0.0002, 0.000308,  0, 0.1 ,  0, -519494947.039911,  0, 0,  0, 0
2, 2.69422985972093e-11, 0.00444089199999997, 0.001085, -0.0002, 0.0003085,  0, 0.1 ,  0, -520696648.731294,  0, 0,  0, 0
2, 2.69422985972093e-11, 0.00446099500000002, 0.00109, -0.0002, 0.000309,  0, 0.1 ,  0, -521895583.426417,  0, 0,  0, 0
2, 2.69422985972093e-11, 0.004481124, 0.001095, -0.0002, 0.0003095,  0, 0.1 ,  0, -523091770.151281,  0, 0,  0, 0
2, 2.69422985972093e-11, 0.00450128900000002, 0.0011, -0.0002, 0.00031,  0, 0.1 ,  0, -524285227.714839,  0, 0,  0, 0
2, 2.69422985972093e-11, 0.004521477, 0.001105, -0.0002, 0.0003105,  0, 0.1 ,  0, -525475974.712451,  0, 0,  0, 0
2, 2.69422985972093e-11, 0.00454173600000002, 0.00111, -0.0002, 0.000311,  0, 0.1 ,  0, -526664029.529263,  0, 0,  0, 0
2, 2.69422985972093e-11, 0.00456178400000001, 0.001115, -0.0002, 0.0003115,  0, 0.1 ,  0, -527849410.343518,  0, 0,  0, 0
2, 2.69422985972093e-11, 0.00458192200000002, 0.00112, -0.0002, 0.000312,  0, 0.1 ,  0, -529032135.129805,  0, 0,  0, 0
2, 2.69422985972093e-11, 0.00460203399999998, 0.001125, -0.0002, 0.0003125,  0, 0.1 ,  0, -530212221.662232,  0, 0,  0, 0
2, 2.69422985972093e-11, 0.00462218799999997, 0.00113, -0.0002, 0.000313,  0, 0.1 ,  0, -531389687.517551,  0, 0,  0, 0
2, 2.69422985972093e-11, 0.00464226000000001, 0.001135, -0.0002, 0.0003135,  0, 0.1 ,  0, -532564550.078204,  0, 0,  0, 0
2, 2.69422985972093e-11, 0.004662416, 0.00114, -0.0002, 0.000314,  0, 0.1 ,  0, -533736826.535325,  0, 0,  0, 0
2, 2.69422985972093e-11, 0.00468253400000002, 0.001145, -0.0002, 0.0003145,  0, 0.1 ,  0, -534906533.89167,  0, 0,  0, 0
2, 2.69422985972093e-11, 0.004702714, 0.00115, -0.0002, 0.000315,  0, 0.1 ,  0, -536073688.964493,  0, 0,  0, 0
2, 2.69422985972093e-11, 0.00472270699999999, 0.001155, -0.0002, 0.0003155,  0, 0.1 ,  0, -537238308.388373,  0, 0,  0, 0
2, 2.69422985972093e-11, 0.00474288699999997, 0.00116, -0.0002, 0.000316,  0, 0.1 ,  0, -538400408.617973,  0, 0,  0, 0
2, 2.69422985972093e-11, 0.00476304900000002, 0.001165, -0.0002, 0.0003165,  0, 0.1 ,  0, -539560005.930758,  0, 0,  0, 0
2, 2.69422985972093e-11, 0.00478315800000001, 0.00117, -0.0002, 0.000317,  0, 0.1 ,  0, -540717116.429654,  0, 0,  0, 0
2, 2.69422985972093e-11, 0.004803312, 0.001175, -0.0002, 0.0003175,  0, 0.1 ,  0, -541871756.045653,  0, 0,  0, 0
2, 2.69422985972093e-11, 0.00482347300000002, 0.00118, -0.0002, 0.000318,  0, 0.1 ,  0, -543023940.540378,  0, 0,  0, 0
2, 2.69422985972093e-11, 0.00484344399999997, 0.001185, -0.0002, 0.0003185,  0, 0.1 ,  0, -544173685.508588,  0, 0,  0, 0
2, 2.69422985972093e-11, 0.004863701, 0.00119, -0.0002, 0.000319,  0, 0.1 ,  0, -545321006.380646,  0, 0,  0, 0
2, 2.69422985972093e-11, 0.00488386400000002, 0.001195, -0.0002, 0.0003195,  0, 0.1 ,  0, -546465918.424928,  0, 0,  0, 0
2, 2.69422985972093e-11, 0.00490636999999999, 0.0012, -0.0002, 0.00032,  0, 0.1 ,  0, -547608436.750202,  0, 0,  0, 0
2, 2.69422985972093e-11, 0.00492680400000001, 0.001205, -0.0002, 0.0003205,  0, 0.1 ,  0, -548748576.307948,  0, 0,  0, 0
2, 2.69422985972093e-11, 0.00494698799999999, 0.00121, -0.0002, 0.000321,  0, 0.1 ,  0, -549886351.894644,  0, 0,  0, 0
2, 2.69422985972093e-11, 0.00496717600000002, 0.001215, -0.0002, 0.0003215,  0, 0.1 ,  0, -551021778.154004,  0, 0,  0, 0
2, 2.69422985972093e-11, 0.00498736599999999, 0.00122, -0.0002, 0.000322,  0, 0.1 ,  0, -552154869.579179,  0, 0,  0, 0
2, 2.69422985972093e-11, 0.00500740999999999, 0.001225, -0.0002, 0.0003225,  0, 0.1 ,  0, -553285640.514915,  0, 0,  0, 0
2, 2.69422985972093e-11, 0.005027579, 0.00123, -0.0002, 0.000323,  0, 0.1 ,  0, -554414105.159672,  0, 0,  0, 0
2, 2.69422985972093e-11, 0.00504758199999999, 0.001235, -0.0002, 0.0003235,  0, 0.1 ,  0, -555540277.567703,  0, 0,  0, 0
2, 2.69422985972093e-11, 0.00507041800000002, 0.00124, -0.0002, 0.000324,  0, 0.1 ,  0, -556664171.651095,  0, 0,  0, 0
2, 2.69422985972093e-11, 0.00509080000000001, 0.001245, -0.0002, 0.0003245,  0, 0.1 ,  0, -557785801.18178,  0, 0,  0, 0
2, 2.69422985972093e-11, 0.005111068, 0.00125, -0.0002, 0.000325,  0, 0.1 ,  0, -558905179.793496,  0, 0,  0, 0
2, 2.69422985972093e-11, 0.00513112599999999, 0.001255, -0.0002, 0.0003255,  0, 0.1 ,  0, -560022320.983727,  0, 0,  0, 0
2, 2.69422985972093e-11, 0.00515128599999998, 0.00126, -0.0002, 0.000326,  0, 0.1 ,  0, -561137238.115597,  0, 0,  0, 0
2, 2.69422985972093e-11, 0.005171378, 0.001265, -0.0002, 0.0003265,  0, 0.1 ,  0, -562249944.419739,  0, 0,  0, 0
2, 2.69422985972093e-11, 0.00519142499999997, 0.00127, -0.0002, 0.000327,  0, 0.1 ,  0, -563360452.996126,  0, 0,  0, 0
2, 2.69422985972093e-11, 0.00521157300000002, 0.001275, -0.0002, 0.0003275,  0, 0.1 ,  0, -564468776.815866,  0, 0,  0, 0
2, 2.69422985972093e-11, 0.005231755, 0.00128, -0.0002, 0.000328,  0, 0.1 ,  0, -565574928.722977,  0, 0,  0, 0
2, 2.69422985972093e-11, 0.005251913, 0.001285, -0.0002, 0.0003285,  0, 0.1 ,  0, -566678921.436116,  0, 0,  0, 0
2, 2.69422985972093e-11, 0.00527196899999999, 0.00129, -0.0002, 0.000329,  0, 0.1 ,  0, -567780767.550293,  0, 0,  0, 0
2, 2.69422985972093e-11, 0.00529201499999998, 0.001295, -0.0002, 0.0003295,  0, 0.1 ,  0, -568880479.538541,  0, 0,  0, 0
2, 2.69422985972093e-11, 0.00531215499999999, 0.0013, -0.0002, 0.00033,  0, 0.1 ,  0, -569978069.753565,  0, 0,  0, 0
2, 2.69422985972093e-11, 0.00533225900000001, 0.001305, -0.0002, 0.0003305,  0, 0.1 ,  0, -571073550.429365,  0, 0,  0, 0
2, 2.69422985972093e-11, 0.00535227900000002, 0.00131, -0.0002, 0.000331,  0, 0.1 ,  0, -572166933.68282,  0, 0,  0, 0
2, 2.69422985972093e-11, 0.005372339, 0.001315, -0.0002, 0.0003315,  0, 0.1 ,  0, -573258231.515257,  0, 0,  0, 0
2, 2.69422985972093e-11, 0.00539246199999999, 0.00132, -0.0002, 0.000332,  0, 0.1 ,  0, -574347455.813987,  0, 0,  0, 0
2, 2.69422985972093e-11, 0.00541256899999998, 0.001325, -0.0002, 0.0003325,  0, 0.1 ,  0, -575434618.353814,  0, 0,  0, 0
2, 2.69422985972093e-11, 0.00543261899999997, 0.00133, -0.0002, 0.000333,  0, 0.1 ,  0, -576519730.798522,  0, 0,  0, 0
2, 2.69422985972093e-11, 0.00545266500000002, 0.001335, -0.0002, 0.0003335,  0, 0.1 ,  0, -577602804.702332,  0, 0,  0, 0
2, 2.69422985972093e-11, 0.00547268499999998, 0.00134, -0.0002, 0.000334,  0, 0.1 ,  0, -578683851.511341,  0, 0,  0, 0
2, 2.69422985972093e-11, 0.00549280699999999, 0.001345, -0.0002, 0.0003345,  0, 0.1 ,  0, -579762882.564933,  0, 0,  0, 0
2, 2.69422985972093e-11, 0.005512925, 0.00135, -0.0002, 0.000335,  0, 0.1 ,  0, -580839909.097162,  0, 0,  0, 0
2, 2.69422985972093e-11, 0.005532959, 0.001355, -0.0002, 0.0003355,  0, 0.1 ,  0, -581914942.238125,  0, 0,  0, 0
2, 2.69422985972093e-11, 0.005553009, 0.00136, -0.0002, 0.000336,  0, 0.1 ,  0, -582987993.015294,  0, 0,  0, 0
2, 2.69422985972093e-11, 0.005573104, 0.001365, -0.0002, 0.0003365,  0, 0.1 ,  0, -584059072.354843,  0, 0,  0, 0
2, 2.69422985972093e-11, 0.00559325199999999, 0.00137, -0.0002, 0.000337,  0, 0.1 ,  0, -585128191.082946,  0, 0,  0, 0
2, 2.69422985972093e-11, 0.00561560900000002, 0.001375, -0.0002, 0.0003375,  0, 0.1 ,  0, -586195359.927047,  0, 0,  0, 0
2, 2.69422985972093e-11, 0.00563601200000002, 0.00138, -0.0002, 0.000338,  0, 0.1 ,  0, -587260589.517124,  0, 0,  0, 0
2, 2.69422985972093e-11, 0.00565610999999999, 0.001385, -0.0002, 0.0003385,  0, 0.1 ,  0, -588323890.386919,  0, 0,  0, 0
2, 2.69422985972093e-11, 0.00567623299999997, 0.00139, -0.0002, 0.000339,  0, 0.1 ,  0, -589385272.975157,  0, 0,  0, 0
2, 2.69422985972093e-11, 0.00569633899999999, 0.001395, -0.0002, 0.0003395,  0, 0.1 ,  0, -590444747.626736,  0, 0,  0, 0
2, 2.69422985972093e-11, 0.005716518, 0.0014, -0.0002, 0.00034,  0, 0.1 ,  0, -591502324.593911,  0, 0,  0, 0
2, 2.69422985972093e-11, 0.00573667999999999, 0.001405, -0.0002, 0.0003405,  0, 0.1 ,  0, -592558014.037444,  0, 0,  0, 0
2, 2.69422985972093e-11, 0.00575682399999999, 0.00141, -0.0002, 0.000341,  0, 0.1 ,  0, -593611826.02775,  0, 0,  0, 0
2, 2.69422985972093e-11, 0.00577696799999999, 0.001415, -0.0002, 0.0003415,  0, 0.1 ,  0, -594663770.546012,  0, 0,  0, 0
2, 2.69422985972093e-11, 0.005797096, 0.00142, -0.0002, 0.000342,  0, 0.1 ,  0, -595713857.485286,  0, 0,  0, 0
2, 2.69422985972093e-11, 0.00581714900000002, 0.001425, -0.0002, 0.0003425,  0, 0.1 ,  0, -596762096.651589,  0, 0,  0, 0
2, 2.69422985972093e-11, 0.00584098799999999, 0.00143, -0.0002, 0.000343,  0, 0.1 ,  0, -597808497.764961,  0, 0,  0, 0
2, 2.69422985972093e-11, 0.00586128899999999, 0.001435, -0.0002, 0.0003435,  0, 0.1 ,  0, -598853070.460526,  0, 0,  0, 0
2, 2.69422985972093e-11, 0.00588139300000001, 0.00144, -0.0002, 0.000344,  0, 0.1 ,  0, -599895824.289518,  0, 0,  0, 0
2, 2.69422985972093e-11, 0.005901449, 0.001445, -0.0002, 0.0003445,  0, 0.1 ,  0, -600936768.720304,  0, 0,  0, 0
2, 2.69422985972093e-11, 0.00592156399999999, 0.00145, -0.0002, 0.000345,  0, 0.1 ,  0, -601975913.139388,  0, 0,  0, 0
2, 2.69422985972093e-11, 0.00594161799999998, 0.001455, -0.0002, 0.0003455,  0, 0.1 ,  0, -603013266.852397,  0, 0,  0, 0
2, 2.69422985972093e-11, 0.00596176300000001, 0.00146, -0.0002, 0.000346,  0, 0.1 ,  0, -604048839.085053,  0, 0,  0, 0
2, 2.69422985972093e-11, 0.00598185000000001, 0.001465, -0.0002, 0.0003465,  0, 0.1 ,  0, -605082638.984131,  0, 0,  0, 0
2, 2.69422985972093e-11, 0.00600198099999999, 0.00147, -0.0002, 0.000347,  0, 0.1 ,  0, -606114675.618402,  0, 0,  0, 0
2, 2.69422985972093e-11, 0.00602213499999998, 0.001475, -0.0002, 0.0003475,  0, 0.1 ,  0, -607144957.979559,  0, 0,  0, 0
2, 2.69422985972093e-11, 0.00604230500000003, 0.00148, -0.0002, 0.000348,  0, 0.1 ,  0, -608173494.983134,  0, 0,  0, 0
2, 2.69422985972093e-11, 0.00606243000000001, 0.001485, -0.0002, 0.0003485,  0, 0.1 ,  0, -609200295.469397,  0, 0,  0, 0
2, 2.69422985972093e-11, 0.00608254699999999, 0.00149, -0.0002, 0.000349,  0, 0.1 ,  0, -610225368.20424,  0, 0,  0, 0
2, 2.69422985972093e-11, 0.00610271800000001, 0.001495, -0.0002, 0.0003495,  0, 0.1 ,  0, -611248721.880054,  0, 0,  0, 0
2, 2.69422985972093e-11, 0.00612290900000001, 0.0015, -0.0002, 0.00035,  0, 0.1 ,  0, -612270365.116588,  0, 0,  0, 0
2, 2.69422985972093e-11, 0.00614302099999997, 0.001505, -0.0002, 0.0003505,  0, 0.1 ,  0, -613290306.461793,  0, 0,  0, 0
2, 2.69422985972093e-11, 0.006163064, 0.00151, -0.0002, 0.000351,  0, 0.1 ,  0, -614308554.39266,  0, 0,  0, 0
2, 2.69422985972093e-11, 0.006183204, 0.001515, -0.0002, 0.0003515,  0, 0.1 ,  0, -615325117.316041,  0, 0,  0, 0
2, 2.69422985972093e-11, 0.00620339599999997, 0.00152, -0.0002, 0.000352,  0, 0.1 ,  0, -616340003.569459,  0, 0,  0, 0
2, 2.69422985972093e-11, 0.00622345299999999, 0.001525, -0.0002, 0.0003525,  0, 0.1 ,  0, -617353221.421902,  0, 0,  0, 0
2, 2.69422985972093e-11, 0.00624350699999998, 0.00153, -0.0002, 0.000353,  0, 0.1 ,  0, -618364779.074617,  0, 0,  0, 0
2, 2.69422985972093e-11, 0.00626353499999999, 0.001535, -0.0002, 0.0003535,  0, 0.1 ,  0, -619374684.661878,  0, 0,  0, 0
2, 2.69422985972093e-11, 0.00628367499999999, 0.00154, -0.0002, 0.000354,  0, 0.1 ,  0, -620382946.251749,  0, 0,  0, 0
2, 2.69422985972093e-11, 0.00630604899999998, 0.001545, -0.0002, 0.0003545,  0, 0.1 ,  0, -621389571.846841,  0, 0,  0, 0
2, 2.69422985972093e-11, 0.00632634799999998, 0.00155, -0.0002, 0.000355,  0, 0.1 ,  0, -622394569.385049,  0, 0,  0, 0
2, 2.69422985972093e-11, 0.006346562, 0.001555, -0.0002, 0.0003555,  0, 0.1 ,  0, -623397946.740282,  0, 0,  0, 0
2, 2.69422985972093e-11, 0.00636669400000001, 0.00156, -0.0002, 0.000356,  0, 0.1 ,  0, -624399711.723188,  0, 0,  0, 0
2, 2.69422985972093e-11, 0.00638678999999998, 0.001565, -0.0002, 0.0003565,  0, 0.1 ,  0, -625399872.081855,  0, 0,  0, 0
2, 2.69422985972093e-11, 0.00640701599999999, 0.00157, -0.0002, 0.000357,  0, 0.1 ,  0, -626398435.502517,  0, 0,  0, 0
2, 2.69422985972093e-11, 0.006427197, 0.001575, -0.0002, 0.0003575,  0, 0.1 ,  0, -627395409.610239,  0, 0,  0, 0
2, 2.69422985972093e-11, 0.00644740700000002, 0.00158, -0.0002, 0.000358,  0, 0.1 ,  0, -628390801.969602,  0, 0,  0, 0
2, 2.69422985972093e-11, 0.00646738000000002, 0.001585, -0.0002, 0.0003585,  0, 0.1 ,  0, -629384620.085366,  0, 0,  0, 0
2, 2.69422985972093e-11, 0.00648745299999998, 0.00159, -0.0002, 0.000359,  0, 0.1 ,  0, -630376871.403131,  0, 0,  0, 0
2, 2.69422985972093e-11, 0.00650762300000002, 0.001595, -0.0002, 0.0003595,  0, 0.1 ,  0, -631367563.309995,  0, 0,  0, 0
2, 2.69422985972093e-11, 0.00652783400000001, 0.0016, -0.0002, 0.00036,  0, 0.1 ,  0, -632356703.135185,  0, 0,  0, 0
2, 2.69422985972093e-11, 0.00654795899999999, 0.001605, -0.0002, 0.0003605,  0, 0.1 ,  0, -633344298.150698,  0, 0,  0, 0
2, 2.69422985972093e-11, 0.00656807100000001, 0.00161, -0.0002, 0.000361,  0, 0.1 ,  0, -634330355.571921,  0, 0,  0, 0
2, 2.69422985972093e-11, 0.00659093399999999, 0.001615, -0.0002, 0.0003615,  0, 0.1 ,  0, -635314882.558248,  0, 0,  0, 0
2, 2.69422985972093e-11, 0.00661145800000001, 0.00162, -0.0002, 0.000362,  0, 0.1 ,  0, -636297886.213682,  0, 0,  0, 0
2, 2.69422985972093e-11, 0.00663159299999999, 0.001625, -0.0002, 0.0003625,  0, 0.1 ,  0, -637279373.58744,  0, 0,  0, 0
2, 2.69422985972093e-11, 0.00665182199999997, 0.00163, -0.0002, 0.000363,  0, 0.1 ,  0, -638259351.674537,  0, 0,  0, 0
2, 2.69422985972093e-11, 0.00667190600000001, 0.001635, -0.0002, 0.0003635,  0, 0.1 ,  0, -639237827.41637,  0, 0,  0, 0
2, 2.69422985972093e-11, 0.006691956, 0.00164, -0.0002, 0.000364,  0, 0.1 ,  0, -640214807.70129,  0, 0,  0, 0
2, 2.69422985972093e-11, 0.00671201900000001, 0.001645, -0.0002, 0.0003645,  0, 0.1 ,  0, -641190299.365173,  0, 0,  0, 0
2, 2.69422985972093e-11, 0.00673212000000001, 0.00165, -0.0002, 0.000365,  0, 0.1 ,  0, -642164309.19197,  0, 0,  0, 0
2, 2.69422985972093e-11, 0.00675225099999999, 0.001655, -0.0002, 0.0003655,  0, 0.1 ,  0, -643136843.914264,  0, 0,  0, 0
2, 2.69422985972093e-11, 0.006772369, 0.00166, -0.0002, 0.000366,  0, 0.1 ,  0, -644107910.213809,  0, 0,  0, 0
2, 2.69422985972093e-11, 0.00679254200000001, 0.001665, -0.0002, 0.0003665,  0, 0.1 ,  0, -645077514.722068,  0, 0,  0, 0
2, 2.69422985972093e-11, 0.00681263900000001, 0.00167, -0.0002, 0.000367,  0, 0.1 ,  0, -646045664.020741,  0, 0,  0, 0
2, 2.69422985972093e-11, 0.00683271400000002, 0.001675, -0.0002, 0.0003675,  0, 0.1 ,  0, -647012364.642284,  0, 0,  0, 0
2, 2.69422985972093e-11, 0.00685286200000002, 0.00168, -0.0002, 0.000368,  0, 0.1 ,  0, -647977623.070427,  0, 0,  0, 0
2, 2.69422985972093e-11, 0.00687299899999999, 0.001685, -0.0002, 0.0003685,  0, 0.1 ,  0, -648941445.740677,  0, 0,  0, 0
2, 2.69422985972093e-11, 0.00689314099999999, 0.00169, -0.0002, 0.000369,  0, 0.1 ,  0, -649903839.040823,  0, 0,  0, 0
2, 2.69422985972093e-11, 0.00691330000000001, 0.001695, -0.0002, 0.0003695,  0, 0.1 ,  0, -650864809.311427,  0, 0,  0, 0
2, 2.69422985972093e-11, 0.00693338999999998, 0.0017, -0.0002, 0.00037,  0, 0.1 ,  0, -651824362.846312,  0, 0,  0, 0
2, 2.69422985972093e-11, 0.006953614, 0.001705, -0.0002, 0.0003705,  0, 0.1 ,  0, -652782505.893043,  0, 0,  0, 0
2, 2.69422985972093e-11, 0.00697368199999998, 0.00171, -0.0002, 0.000371,  0, 0.1 ,  0, -653739244.653402,  0, 0,  0, 0
2, 2.69422985972093e-11, 0.00699607800000002, 0.001715, -0.0002, 0.0003715,  0, 0.1 ,  0, -654694585.283856,  0, 0,  0, 0
2, 2.69422985972093e-11, 0.007016417, 0.00172, -0.0002, 0.000372,  0, 0.1 ,  0, -655648533.89602,  0, 0,  0, 0
2, 2.69422985972093e-11, 0.00703654999999997, 0.001725, -0.0002, 0.0003725,  0, 0.1 ,  0, -656601096.557111,  0, 0,  0, 0
2, 2.69422985972093e-11, 0.00705667399999999, 0.00173, -0.0002, 0.000373,  0, 0.1 ,  0, -657552279.2904,  0, 0,  0, 0
2, 2.69422985972093e-11, 0.00707678699999997, 0.001735, -0.0002, 0.0003735,  0, 0.1 ,  0, -658502088.075657,  0, 0,  0, 0
2, 2.69422985972093e-11, 0.00709691699999998, 0.00174, -0.0002, 0.000374,  0, 0.1 ,  0, -659450528.849587,  0, 0,  0, 0
2, 2.69422985972093e-11, 0.007117029, 0.001745, -0.0002, 0.0003745,  0, 0.1 ,  0, -660397607.506266,  0, 0,  0, 0
2, 2.69422985972093e-11, 0.007137065, 0.00175, -0.0002, 0.000375,  0, 0.1 ,  0, -661343329.897565,  0, 0,  0, 0
2, 2.69422985972093e-11, 0.00715708300000001, 0.001755, -0.0002, 0.0003755,  0, 0.1 ,  0, -662287701.833576,  0, 0,  0, 0
2, 2.69422985972093e-11, 0.00717730700000002, 0.00176, -0.0002, 0.000376,  0, 0.1 ,  0, -663230729.083024,  0, 0,  0, 0
2, 2.69422985972093e-11, 0.00719747900000001, 0.001765, -0.0002, 0.0003765,  0, 0.1 ,  0, -664172417.373682,  0, 0,  0, 0
2, 2.69422985972093e-11, 0.007217486, 0.00177, -0.0002, 0.000377,  0, 0.1 ,  0, -665112772.392772,  0, 0,  0, 0
2, 2.69422985972093e-11, 0.00723754700000001, 0.001775, -0.0002, 0.0003775,  0, 0.1 ,  0, -666051799.787374,  0, 0,  0, 0
2, 2.69422985972093e-11, 0.00725763099999999, 0.00178, -0.0002, 0.000378,  0, 0.1 ,  0, -666989505.164812,  0, 0,  0, 0
2, 2.69422985972093e-11, 0.00727772900000001, 0.001785, -0.0002, 0.0003785,  0, 0.1 ,  0, -667925894.09305,  0, 0,  0, 0
2, 2.69422985972093e-11, 0.007297734, 0.00179, -0.0002, 0.000379,  0, 0.1 ,  0, -668860972.101079,  0, 0,  0, 0
2, 2.69422985972093e-11, 0.00731773400000002, 0.001795, -0.0002, 0.0003795,  0, 0.1 ,  0, -669794744.679294,  0, 0,  0, 0
2, 2.69422985972093e-11, 0.00733779400000001, 0.0018, -0.0002, 0.00038,  0, 0.1 ,  0, -670727217.279872,  0, 0,  0, 0
2, 2.69422985972093e-11, 0.00736065699999999, 0.001805, -0.0002, 0.0003805,  0, 0.1 ,  0, -671658395.317143,  0, 0,  0, 0
2, 2.69422985972093e-11, 0.007380944, 0.00181, -0.0002, 0.000381,  0, 0.1 ,  0, -672588284.16796,  0, 0,  0, 0
2, 2.69422985972093e-11, 0.00740107600000001, 0.001815, -0.0002, 0.0003815,  0, 0.1 ,  0, -673516889.172054,  0, 0,  0, 0
2, 2.69422985972093e-11, 0.007421332, 0.00182, -0.0002, 0.000382,  0, 0.1 ,  0, -674444215.632398,  0, 0,  0, 0
2, 2.69422985972093e-11, 0.007441433, 0.001825, -0.0002, 0.0003825,  0, 0.1 ,  0, -675370268.815559,  0, 0,  0, 0
2, 2.69422985972093e-11, 0.00746161000000001, 0.00183, -0.0002, 0.000383,  0, 0.1 ,  0, -676295053.952046,  0, 0,  0, 0
2, 2.69422985972093e-11, 0.00748169100000001, 0.001835, -0.0002, 0.0003835,  0, 0.1 ,  0, -677218576.236654,  0, 0,  0, 0
2, 2.69422985972093e-11, 0.00750181100000002, 0.00184, -0.0002, 0.000384,  0, 0.1 ,  0, -678140840.828806,  0, 0,  0, 0
2, 2.69422985972093e-11, 0.00752180800000002, 0.001845, -0.0002, 0.0003845,  0, 0.1 ,  0, -679061852.85289,  0, 0,  0, 0
2, 2.69422985972093e-11, 0.00754195899999999, 0.00185, -0.0002, 0.000385,  0, 0.1 ,  0, -679981617.398588,  0, 0,  0, 0
2, 2.69422985972093e-11, 0.00756197800000002, 0.001855, -0.0002, 0.0003855,  0, 0.1 ,  0, -680900139.521208,  0, 0,  0, 0
2, 2.69422985972093e-11, 0.00758217799999999, 0.00186, -0.0002, 0.000386,  0, 0.1 ,  0, -681817424.242003,  0, 0,  0, 0
2, 2.69422985972093e-11, 0.00760222700000002, 0.001865, -0.0002, 0.0003865,  0, 0.1 ,  0, -682733476.548499,  0, 0,  0, 0
2, 2.69422985972093e-11, 0.00762229199999997, 0.00187, -0.0002, 0.000387,  0, 0.1 ,  0, -683648301.394804,  0, 0,  0, 0
2, 2.69422985972093e-11, 0.00764226000000001, 0.001875, -0.0002, 0.0003875,  0, 0.1 ,  0, -684561903.701922,  0, 0,  0, 0
2, 2.69422985972093e-11, 0.00766562100000001, 0.00188, -0.0002, 0.000388,  0, 0.1 ,  0, -685474288.358068,  0, 0,  0, 0
2, 2.69422985972093e-11, 0.00768690100000002, 0.001885, -0.0002, 0.0003885,  0, 0.1 ,  0, -686385460.218965,  0, 0,  0, 0
2, 2.69422985972093e-11, 0.00770953699999999, 0.00189, -0.0002, 0.000389,  0, 0.1 ,  0, -687295424.108149,  0, 0,  0, 0
2, 2.69422985972093e-11, 0.00772978899999999, 0.001895, -0.0002, 0.0003895,  0, 0.1 ,  0, -688204184.817268,  0, 0,  0, 0
2, 2.69422985972093e-11, 0.007750007, 0.0019, -0.0002, 0.00039,  0, 0.1 ,  0, -689111747.106375,  0, 0,  0, 0
2, 2.69422985972093e-11, 0.00777016400000002, 0.001905, -0.0002, 0.0003905,  0, 0.1 ,  0, -690018115.704219,  0, 0,  0, 0
2, 2.69422985972093e-11, 0.00779026700000002, 0.00191, -0.0002, 0.000391,  0, 0.1 ,  0, -690923295.308531,  0, 0,  0, 0
2, 2.69422985972093e-11, 0.00781025899999999, 0.001915, -0.0002, 0.0003915,  0, 0.1 ,  0, -691827290.586314,  0, 0,  0, 0
2, 2.69422985972093e-11, 0.00783051899999998, 0.00192, -0.0002, 0.000392,  0, 0.1 ,  0, -692730106.174115,  0, 0,  0, 0
2, 2.69422985972093e-11, 0.00785059100000002, 0.001925, -0.0002, 0.0003925,  0, 0.1 ,  0, -693631746.678308,  0, 0,  0, 0
2, 2.69422985972093e-11, 0.00787073700000002, 0.00193, -0.0002, 0.000393,  0, 0.1 ,  0, -694532216.675368,  0, 0,  0, 0
2, 2.69422985972093e-11, 0.007890762, 0.001935, -0.0002, 0.0003935,  0, 0.1 ,  0, -695431520.71214,  0, 0,  0, 0
2, 2.69422985972093e-11, 0.00791091700000002, 0.00194, -0.0002, 0.000394,  0, 0.1 ,  0, -696329663.30611,  0, 0,  0, 0
2, 2.69422985972093e-11, 0.00793100200000002, 0.001945, -0.0002, 0.0003945,  0, 0.1 ,  0, -697226648.945664,  0, 0,  0, 0
2, 2.69422985972093e-11, 0.00795099100000002, 0.00195, -0.0002, 0.000395,  0, 0.1 ,  0, -698122482.090356,  0, 0,  0, 0
2, 2.69422985972093e-11, 0.00797091700000002, 0.001955, -0.0002, 0.0003955,  0, 0.1 ,  0, -699017167.171165,  0, 0,  0, 0
2, 2.69422985972093e-11, 0.00799091499999999, 0.00196, -0.0002, 0.000396,  0, 0.1 ,  0, -699910708.590746,  0, 0,  0, 0
2, 2.69422985972093e-11, 0.00801083600000002, 0.001965, -0.0002, 0.0003965,  0, 0.1 ,  0, -700803110.72369,  0, 0,  0, 0
2, 2.69422985972093e-11, 0.00803081300000003, 0.00197, -0.0002, 0.000397,  0, 0.1 ,  0, -701694377.916768,  0, 0,  0, 0
2, 2.69422985972093e-11, 0.00805087599999998, 0.001975, -0.0002, 0.0003975,  0, 0.1 ,  0, -702584514.489182,  0, 0,  0, 0
2, 2.69422985972093e-11, 0.00807094200000003, 0.00198, -0.0002, 0.000398,  0, 0.1 ,  0, -703473524.732808,  0, 0,  0, 0
2, 2.69422985972093e-11, 0.00809091299999998, 0.001985, -0.0002, 0.0003985,  0, 0.1 ,  0, -704361412.912434,  0, 0,  0, 0
2, 2.69422985972093e-11, 0.008114126, 0.00199, -0.0002, 0.000399,  0, 0.1 ,  0, -705248183.266005,  0, 0,  0, 0
2, 2.69422985972093e-11, 0.00813453399999997, 0.001995, -0.0002, 0.0003995,  0, 0.1 ,  0, -706133840.004853,  0, 0,  0, 0
2, 2.69422985972093e-11, 0.00815477799999997, 0.002, -0.0002, 0.0004,  0, 0.1 ,  0, -707018387.313937,  0, 0,  0, 0
2, 2.69422985972093e-11, 0.00872432899999998, 0.002005, -0.0002, 0.0004005,  0, 0.1 ,  0, -707901829.352065,  0, 0,  0, 0
2, 2.69422985972093e-11, 0.00874669900000002, 0.00201, -0.0002, 0.000401,  0, 0.1 ,  0, -708784170.25213,  0, 0,  0, 0
2, 2.69422985972093e-11, 0.00876706399999999, 0.002015, -0.0002, 0.0004015,  0, 0.1 ,  0, -709665414.121331,  0, 0,  0, 0
2, 2.69422985972093e-11, 0.00878732799999998, 0.00202, -0.0002, 0.000402,  0, 0.1 ,  0, -710545565.041399,  0, 0,  0, 0
2, 2.69422985972093e-11, 0.00880760800000002, 0.002025, -0.0002, 0.0004025,  0, 0.1 ,  0, -711424627.068813,  0, 0,  0, 0
2, 2.69422985972093e-11, 0.00882772700000001, 0.00203, -0.0002, 0.000403,  0, 0.1 ,  0, -712302604.235026,  0, 0,  0, 0
2, 2.69422985972093e-11, 0.00884794900000002, 0.002035, -0.0002, 0.0004035,  0, 0.1 ,  0, -713179500.546672,  0, 0,  0, 0
2, 2.69422985972093e-11, 0.008868243, 0.00204, -0.0002, 0.000404,  0, 0.1 ,  0, -714055319.985784,  0, 0,  0, 0
2, 2.69422985972093e-11, 0.00888835500000001, 0.002045, -0.0002, 0.0004045,  0, 0.1 ,  0, -714930066.510005,  0, 0,  0, 0
2, 2.69422985972093e-11, 0.00890846299999998, 0.00205, -0.0002, 0.000405,  0, 0.1 ,  0, -715803744.052796,  0, 0,  0, 0
2, 2.69422985972093e-11, 0.00892848899999998, 0.002055, -0.0002, 0.0004055,  0, 0.1 ,  0, -716676356.52364,  0, 0,  0, 0
2, 2.69422985972093e-11, 0.00895110500000001, 0.00206, -0.0002, 0.000406,  0, 0.1 ,  0, -717547907.808252,  0, 0,  0, 0
2, 2.69422985972093e-11, 0.00897144500000002, 0.002065, -0.0002, 0.0004065,  0, 0.1 ,  0, -718418401.768774,  0, 0,  0, 0
2, 2.69422985972093e-11, 0.00899154099999999, 0.00207, -0.0002, 0.000407,  0, 0.1 ,  0, -719287842.24398,  0, 0,  0, 0
2, 2.69422985972093e-11, 0.00901166199999998, 0.002075, -0.0002, 0.0004075,  0, 0.1 ,  0, -720156233.049468,  0, 0,  0, 0
2, 2.69422985972093e-11, 0.00903182699999999, 0.00208, -0.0002, 0.000408,  0, 0.1 ,  0, -721023577.977863,  0, 0,  0, 0
2, 2.69422985972093e-11, 0.00905198099999999, 0.002085, -0.0002, 0.0004085,  0, 0.1 ,  0, -721889880.799004,  0, 0,  0, 0
2, 2.69422985972093e-11, 0.00907221000000002, 0.00209, -0.0002, 0.000409,  0, 0.1 ,  0, -722755145.260136,  0, 0,  0, 0
2, 2.69422985972093e-11, 0.00909228400000001, 0.002095, -0.0002, 0.0004095,  0, 0.1 ,  0, -723619375.086102,  0, 0,  0, 0
2, 2.69422985972093e-11, 0.00911252499999998, 0.0021, -0.0002, 0.00041,  0, 0.1 ,  0, -724482573.979527,  0, 0,  0, 0
2, 2.69422985972093e-11, 0.00913290099999997, 0.002105, -0.0002, 0.0004105,  0, 0.1 ,  0, -725344745.621005,  0, 0,  0, 0
2, 2.69422985972093e-11, 0.00915297700000001, 0.00211, -0.0002, 0.000411,  0, 0.1 ,  0, -726205893.669281,  0, 0,  0, 0
2, 2.69422985972093e-11, 0.00917312799999997, 0.002115, -0.0002, 0.0004115,  0, 0.1 ,  0, -727066021.761435,  0, 0,  0, 0
2, 2.69422985972093e-11, 0.00919324599999999, 0.00212, -0.0002, 0.000412,  0, 0.1 ,  0, -727925133.513056,  0, 0,  0, 0
2, 2.69422985972093e-11, 0.00921336899999997, 0.002125, -0.0002, 0.0004125,  0, 0.1 ,  0, -728783232.518422,  0, 0,  0, 0
2, 2.69422985972093e-11, 0.00923344999999998, 0.00213, -0.0002, 0.000413,  0, 0.1 ,  0, -729640322.350677,  0, 0,  0, 0
2, 2.69422985972093e-11, 0.00925363099999998, 0.002135, -0.0002, 0.0004135,  0, 0.1 ,  0, -730496406.562004,  0, 0,  0, 0
2, 2.69422985972093e-11, 0.009273894, 0.00214, -0.0002, 0.000414,  0, 0.1 ,  0, -731351488.683793,  0, 0,  0, 0
2, 2.69422985972093e-11, 0.00929399199999997, 0.002145, -0.0002, 0.0004145,  0, 0.1 ,  0, -732205572.226817,  0, 0,  0, 0
2, 2.69422985972093e-11, 0.00931401199999998, 0.00215, -0.0002, 0.000415,  0, 0.1 ,  0, -733058660.681395,  0, 0,  0, 0
2, 2.69422985972093e-11, 0.00933410699999998, 0.002155, -0.0002, 0.0004155,  0, 0.1 ,  0, -733910757.517561,  0, 0,  0, 0
2, 2.69422985972093e-11, 0.00935435200000001, 0.00216, -0.0002, 0.000416,  0, 0.1 ,  0, -734761866.185229,  0, 0,  0, 0
2, 2.69422985972093e-11, 0.00937454500000001, 0.002165, -0.0002, 0.0004165,  0, 0.1 ,  0, -735611990.114354,  0, 0,  0, 0
2, 2.69422985972093e-11, 0.00939472099999999, 0.00217, -0.0002, 0.000417,  0, 0.1 ,  0, -736461132.715095,  0, 0,  0, 0
2, 2.69422985972093e-11, 0.00941474999999997, 0.002175, -0.0002, 0.0004175,  0, 0.1 ,  0, -737309297.377973,  0, 0,  0, 0
2, 2.69422985972093e-11, 0.00943799400000001, 0.00218, -0.0002, 0.000418,  0, 0.1 ,  0, -738156487.474031,  0, 0,  0, 0
2, 2.69422985972093e-11, 0.00945834600000001, 0.002185, -0.0002, 0.0004185,  0, 0.1 ,  0, -739002706.35499,  0, 0,  0, 0
2, 2.69422985972093e-11, 0.00947843599999998, 0.00219, -0.0002, 0.000419,  0, 0.1 ,  0, -739847957.353401,  0, 0,  0, 0
2, 2.69422985972093e-11, 0.009498703, 0.002195, -0.0002, 0.0004195,  0, 0.1 ,  0, -740692243.782801,  0, 0,  0, 0
2, 2.69422985972093e-11, 0.009518945, 0.0022, -0.0002, 0.00042,  0, 0.1 ,  0, -741535568.937863,  0, 0,  0, 0
2, 2.69422985972093e-11, 0.00953912099999998, 0.002205, -0.0002, 0.0004205,  0, 0.1 ,  0, -742377936.094548,  0, 0,  0, 0
2, 2.69422985972093e-11, 0.009559186, 0.00221, -0.0002, 0.000421,  0, 0.1 ,  0, -743219348.51025,  0, 0,  0, 0
2, 2.69422985972093e-11, 0.00957935799999998, 0.002215, -0.0002, 0.0004215,  0, 0.1 ,  0, -744059809.423947,  0, 0,  0, 0
2, 2.69422985972093e-11, 0.00959955400000001, 0.00222, -0.0002, 0.000422,  0, 0.1 ,  0, -744899322.056343,  0, 0,  0, 0
2, 2.69422985972093e-11, 0.00961961299999997, 0.002225, -0.0002, 0.0004225,  0, 0.1 ,  0, -745737889.610016,  0, 0,  0, 0
2, 2.69422985972093e-11, 0.009641978, 0.00223, -0.0002, 0.000423,  0, 0.1 ,  0, -746575515.269554,  0, 0,  0, 0
2, 2.69422985972093e-11, 0.00966213799999999, 0.002235, -0.0002, 0.0004235,  0, 0.1 ,  0, -747412202.201703,  0, 0,  0, 0
2, 2.69422985972093e-11, 0.009682411, 0.00224, -0.0002, 0.000424,  0, 0.1 ,  0, -748247953.555504,  0, 0,  0, 0
2, 2.69422985972093e-11, 0.00970259299999998, 0.002245, -0.0002, 0.0004245,  0, 0.1 ,  0, -749082772.46243,  0, 0,  0, 0
2, 2.69422985972093e-11, 0.00972276300000002, 0.00225, -0.0002, 0.000425,  0, 0.1 ,  0, -749916662.036523,  0, 0,  0, 0
2, 2.69422985972093e-11, 0.00974287800000001, 0.002255, -0.0002, 0.0004255,  0, 0.1 ,  0, -750749625.374532,  0, 0,  0, 0
2, 2.69422985972093e-11, 0.00976312200000001, 0.00226, -0.0002, 0.000426,  0, 0.1 ,  0, -751581665.556046,  0, 0,  0, 0
2, 2.69422985972093e-11, 0.009783282, 0.002265, -0.0002, 0.0004265,  0, 0.1 ,  0, -752412785.643625,  0, 0,  0, 0
2, 2.69422985972093e-11, 0.009803377, 0.00227, -0.0002, 0.000427,  0, 0.1 ,  0, -753242988.682935,  0, 0,  0, 0
2, 2.69422985972093e-11, 0.00982347900000002, 0.002275, -0.0002, 0.0004275,  0, 0.1 ,  0, -754072277.702874,  0, 0,  0, 0
2, 2.69422985972093e-11, 0.00984364700000001, 0.00228, -0.0002, 0.000428,  0, 0.1 ,  0, -754900655.715704,  0, 0,  0, 0
2, 2.69422985972093e-11, 0.00986377500000002, 0.002285, -0.0002, 0.0004285,  0, 0.1 ,  0, -755728125.717179,  0, 0,  0, 0
2, 2.69422985972093e-11, 0.00988393300000001, 0.00229, -0.0002, 0.000429,  0, 0.1 ,  0, -756554690.686668,  0, 0,  0, 0
2, 2.69422985972093e-11, 0.00990398300000001, 0.002295, -0.0002, 0.0004295,  0, 0.1 ,  0, -757380353.587285,  0, 0,  0, 0
2, 2.69422985972093e-11, 0.00992408099999997, 0.0023, -0.0002, 0.00043,  0, 0.1 ,  0, -758205117.366007,  0, 0,  0, 0
2, 2.69422985972093e-11, 0.00994429200000002, 0.002305, -0.0002, 0.0004305,  0, 0.1 ,  0, -759028984.953803,  0, 0,  0, 0
2, 2.69422985972093e-11, 0.009964686, 0.00231, -0.0002, 0.000431,  0, 0.1 ,  0, -759851959.265751,  0, 0,  0, 0
2, 2.69422985972093e-11, 0.00998487300000001, 0.002315, -0.0002, 0.0004315,  0, 0.1 ,  0, -760674043.20116,  0, 0,  0, 0
2, 2.69422985972093e-11, 0.010005218, 0.00232, -0.0002, 0.000432,  0, 0.1 ,  0, -761495239.64369,  0, 0,  0, 0
2, 2.69422985972093e-11, 0.010025434, 0.002325, -0.0002, 0.0004325,  0, 0.1 ,  0, -762315551.461467,  0, 0,  0, 0
2, 2.69422985972093e-11, 0.010045567, 0.00233, -0.0002, 0.000433,  0, 0.1 ,  0, -763134981.507204,  0, 0,  0, 0
2, 2.69422985972093e-11, 0.010065694, 0.002335, -0.0002, 0.0004335,  0, 0.1 ,  0, -763953532.618313,  0, 0,  0, 0
2, 2.69422985972093e-11, 0.010085886, 0.00234, -0.0002, 0.000434,  0, 0.1 ,  0, -764771207.617023,  0, 0,  0, 0
2, 2.69422985972093e-11, 0.010105918, 0.002345, -0.0002, 0.0004345,  0, 0.1 ,  0, -765588009.310491,  0, 0,  0, 0
2, 2.69422985972093e-11, 0.010125893, 0.00235, -0.0002, 0.000435,  0, 0.1 ,  0, -766403940.490914,  0, 0,  0, 0
2, 2.69422985972093e-11, 0.010145925, 0.002355, -0.0002, 0.0004355,  0, 0.1 ,  0, -767219003.935643,  0, 0,  0, 0
2, 2.69422985972093e-11, 0.010166096, 0.00236, -0.0002, 0.000436,  0, 0.1 ,  0, -768033202.407292,  0, 0,  0, 0
2, 2.69422985972093e-11, 0.010186081, 0.002365, -0.0002, 0.0004365,  0, 0.1 ,  0, -768846538.653846,  0, 0,  0, 0
2, 2.69422985972093e-11, 0.010208934, 0.00237, -0.0002, 0.000437,  0, 0.1 ,  0, -769659015.408772,  0, 0,  0, 0
2, 2.69422985972093e-11, 0.010229213, 0.002375, -0.0002, 0.0004375,  0, 0.1 ,  0, -770470635.391123,  0, 0,  0, 0
2, 2.69422985972093e-11, 0.010249442, 0.00238, -0.0002, 0.000438,  0, 0.1 ,  0, -771281401.305645,  0, 0,  0, 0
2, 2.69422985972093e-11, 0.010269577, 0.002385, -0.0002, 0.0004385,  0, 0.1 ,  0, -772091315.842887,  0, 0,  0, 0
2, 2.69422985972093e-11, 0.010289641, 0.00239, -0.0002, 0.000439,  0, 0.1 ,  0, -772900381.679295,  0, 0,  0, 0
2, 2.69422985972093e-11, 0.010309584, 0.002395, -0.0002, 0.0004395,  0, 0.1 ,  0, -773708601.477326,  0, 0,  0, 0
2, 2.69422985972093e-11, 0.010329702, 0.0024, -0.0002, 0.00044,  0, 0.1 ,  0, -774515977.885544,  0, 0,  0, 0
2, 2.69422985972093e-11, 0.0103535, 0.002405, -0.0002, 0.0004405,  0, 0.1 ,  0, -775322513.538721,  0, 0,  0, 0
2, 2.69422985972093e-11, 0.010373844, 0.00241, -0.0002, 0.000441,  0, 0.1 ,  0, -776128211.057941,  0, 0,  0, 0
2, 2.69422985972093e-11, 0.010393991, 0.002415, -0.0002, 0.0004415,  0, 0.1 ,  0, -776933073.050697,  0, 0,  0, 0
2, 2.69422985972093e-11, 0.010414105, 0.00242, -0.0002, 0.000442,  0, 0.1 ,  0, -777737102.11099,  0, 0,  0, 0
2, 2.69422985972093e-11, 0.010434223, 0.002425, -0.0002, 0.0004425,  0, 0.1 ,  0, -778540300.819425,  0, 0,  0, 0
2, 2.69422985972093e-11, 0.010454271, 0.00243, -0.0002, 0.000443,  0, 0.1 ,  0, -779342671.743309,  0, 0,  0, 0
2, 2.69422985972093e-11, 0.010474468, 0.002435, -0.0002, 0.0004435,  0, 0.1 ,  0, -780144217.436751,  0, 0,  0, 0
2, 2.69422985972093e-11, 0.0104947, 0.00244, -0.0002, 0.000444,  0, 0.1 ,  0, -780944940.440746,  0, 0,  0, 0
2, 2.69422985972093e-11, 0.010514866, 0.002445, -0.0002, 0.0004445,  0, 0.1 ,  0, -781744843.28328,  0, 0,  0, 0
2, 2.69422985972093e-11, 0.010534911, 0.00245, -0.0002, 0.000445,  0, 0.1 ,  0, -782543928.479418,  0, 0,  0, 0
2, 2.69422985972093e-11, 0.010555, 0.002455, -0.0002, 0.0004455,  0, 0.1 ,  0, -783342198.531395,  0, 0,  0, 0
2, 2.69422985972093e-11, 0.010575269, 0.00246, -0.0002, 0.000446,  0, 0.1 ,  0, -784139655.928713,  0, 0,  0, 0
2, 2.69422985972093e-11, 0.010595363, 0.002465, -0.0002, 0.0004465,  0, 0.1 ,  0, -784936303.148224,  0, 0,  0, 0
2, 2.69422985972093e-11, 0.010615468, 0.00247, -0.0002, 0.000447,  0, 0.1 ,  0, -785732142.654225,  0, 0,  0, 0
2, 2.69422985972093e-11, 0.010635515, 0.002475, -0.0002, 0.0004475,  0, 0.1 ,  0, -786527176.898548,  0, 0,  0, 0
2, 2.69422985972093e-11, 0.010655598, 0.00248, -0.0002, 0.000448,  0, 0.1 ,  0, -787321408.320642,  0, 0,  0, 0
2, 2.69422985972093e-11, 0.010675687, 0.002485, -0.0002, 0.0004485,  0, 0.1 ,  0, -788114839.347668,  0, 0,  0, 0
2, 2.69422985972093e-11, 0.010695746, 0.00249, -0.0002, 0.000449,  0, 0.1 ,  0, -788907472.394577,  0, 0,  0, 0
2, 2.69422985972093e-11, 0.010715825, 0.002495, -0.0002, 0.0004495,  0, 0.1 ,  0, -789699309.864204,  0, 0,  0, 0
2, 2.69422985972093e-11, 0.010735893, 0.0025, -0.0002, 0.00045,  0, 0.1 ,  0, -790490354.147348,  0, 0,  0, 0
2, 2.69422985972093e-11, 0.010755985, 0.002505, -0.0002, 0.0004505,  0, 0.1 ,  0, -791280607.622858,  0, 0,  0, 0
2, 2.69422985972093e-11, 0.010775997, 0.00251, -0.0002, 0.000451,  0, 0.1 ,  0, -792070072.657716,  0, 0,  0, 0
2, 2.69422985972093e-11, 0.010796017, 0.002515, -0.0002, 0.0004515,  0, 0.1 ,  0, -792858751.60712,  0, 0,  0, 0
2, 2.69422985972093e-11, 0.010816169, 0.00252, -0.0002, 0.000452,  0, 0.1 ,  0, -793646646.814563,  0, 0,  0, 0
2, 2.69422985972093e-11, 0.010836268, 0.002525, -0.0002, 0.0004525,  0, 0.1 ,  0, -794433760.611922,  0, 0,  0, 0
2, 2.69422985972093e-11, 0.010856301, 0.00253, -0.0002, 0.000453,  0, 0.1 ,  0, -795220095.319529,  0, 0,  0, 0
2, 2.69422985972093e-11, 0.010876298, 0.002535, -0.0002, 0.0004535,  0, 0.1 ,  0, -796005653.246257,  0, 0,  0, 0
2, 2.69422985972093e-11, 0.010896427, 0.00254, -0.0002, 0.000454,  0, 0.1 ,  0, -796790436.689598,  0, 0,  0, 0
2, 2.69422985972093e-11, 0.010916455, 0.002545, -0.0002, 0.0004545,  0, 0.1 ,  0, -797574447.93574,  0, 0,  0, 0
2, 2.69422985972093e-11, 0.01093646, 0.00255, -0.0002, 0.000455,  0, 0.1 ,  0, -798357689.259645,  0, 0,  0, 0
2, 2.69422985972093e-11, 0.010959318, 0.002555, -0.0002, 0.0004555,  0, 0.1 ,  0, -799140162.925128,  0, 0,  0, 0
2, 2.69422985972093e-11, 0.010979768, 0.00256, -0.0002, 0.000456,  0, 0.1 ,  0, -799921871.18493,  0, 0,  0, 0
2, 2.69422985972093e-11, 0.010999854, 0.002565, -0.0002, 0.0004565,  0, 0.1 ,  0, -800702816.280797,  0, 0,  0, 0
2, 2.69422985972093e-11, 0.01101992, 0.00257, -0.0002, 0.000457,  0, 0.1 ,  0, -801483000.443553,  0, 0,  0, 0
2, 2.69422985972093e-11, 0.011039897, 0.002575, -0.0002, 0.0004575,  0, 0.1 ,  0, -802262425.893174,  0, 0,  0, 0
2, 2.69422985972093e-11, 0.01106033, 0.00258, -0.0002, 0.000458,  0, 0.1 ,  0, -803041094.838863,  0, 0,  0, 0
2, 2.69422985972093e-11, 0.011080459, 0.002585, -0.0002, 0.0004585,  0, 0.1 ,  0, -803819009.479124,  0, 0,  0, 0
2, 2.69422985972093e-11, 0.011102844, 0.00259, -0.0002, 0.000459,  0, 0.1 ,  0, -804596172.001831,  0, 0,  0, 0
2, 2.69422985972093e-11, 0.01112318, 0.002595, -0.0002, 0.0004595,  0, 0.1 ,  0, -805372584.584303,  0, 0,  0, 0
2, 2.69422985972093e-11, 0.011143337, 0.0026, -0.0002, 0.00046,  0, 0.1 ,  0, -806148249.393373,  0, 0,  0, 0
2, 2.69422985972093e-11, 0.011163492, 0.002605, -0.0002, 0.0004605,  0, 0.1 ,  0, -806923168.585461,  0, 0,  0, 0
2, 2.69422985972093e-11, 0.011183647, 0.00261, -0.0002, 0.000461,  0, 0.1 ,  0, -807697344.306641,  0, 0,  0, 0
2, 2.69422985972093e-11, 0.01120351, 0.002615, -0.0002, 0.0004615,  0, 0.1 ,  0, -808470778.692712,  0, 0,  0, 0
2, 2.69422985972093e-11, 0.01122358, 0.00262, -0.0002, 0.000462,  0, 0.1 ,  0, -809243473.869268,  0, 0,  0, 0
2, 2.69422985972093e-11, 0.011243613, 0.002625, -0.0002, 0.0004625,  0, 0.1 ,  0, -810015431.951762,  0, 0,  0, 0
2, 2.69422985972093e-11, 0.01126364, 0.00263, -0.0002, 0.000463,  0, 0.1 ,  0, -810786655.04558,  0, 0,  0, 0
2, 2.69422985972093e-11, 0.01128363, 0.002635, -0.0002, 0.0004635,  0, 0.1 ,  0, -811557145.2461,  0, 0,  0, 0
2, 2.69422985972093e-11, 0.011303917, 0.00264, -0.0002, 0.000464,  0, 0.1 ,  0, -812326904.638767,  0, 0,  0, 0
2, 2.69422985972093e-11, 0.011323943, 0.002645, -0.0002, 0.0004645,  0, 0.1 ,  0, -813095935.29915,  0, 0,  0, 0
2, 2.69422985972093e-11, 0.011343956, 0.00265, -0.0002, 0.000465,  0, 0.1 ,  0, -813864239.293016,  0, 0,  0, 0
2, 2.69422985972093e-11, 0.01136401, 0.002655, -0.0002, 0.0004655,  0, 0.1 ,  0, -814631818.676389,  0, 0,  0, 0
2, 2.69422985972093e-11, 0.011384186, 0.00266, -0.0002, 0.000466,  0, 0.1 ,  0, -815398675.495613,  0, 0,  0, 0
2, 2.69422985972093e-11, 0.011404256, 0.002665, -0.0002, 0.0004665,  0, 0.1 ,  0, -816164811.787423,  0, 0,  0, 0
2, 2.69422985972093e-11, 0.011424299, 0.00267, -0.0002, 0.000467,  0, 0.1 ,  0, -816930229.579001,  0, 0,  0, 0
2, 2.69422985972093e-11, 0.011444283, 0.002675, -0.0002, 0.0004675,  0, 0.1 ,  0, -817694930.888042,  0, 0,  0, 0
2, 2.69422985972093e-11, 0.011464551, 0.00268, -0.0002, 0.000468,  0, 0.1 ,  0, -818458917.722814,  0, 0,  0, 0
2, 2.69422985972093e-11, 0.011484592, 0.002685, -0.0002, 0.0004685,  0, 0.1 ,  0, -819222192.082222,  0, 0,  0, 0
2, 2.69422985972093e-11, 0.011504686, 0.00269, -0.0002, 0.000469,  0, 0.1 ,  0, -819984755.955865,  0, 0,  0, 0
2, 2.69422985972093e-11, 0.011524744, 0.002695, -0.0002, 0.0004695,  0, 0.1 ,  0, -820746611.324104,  0, 0,  0, 0
2, 2.69422985972093e-11, 0.011544823, 0.0027, -0.0002, 0.00047,  0, 0.1 ,  0, -821507760.158113,  0, 0,  0, 0
2, 2.69422985972093e-11, 0.011564907, 0.002705, -0.0002, 0.0004705,  0, 0.1 ,  0, -822268204.419945,  0, 0,  0, 0
2, 2.69422985972093e-11, 0.011585089, 0.00271, -0.0002, 0.000471,  0, 0.1 ,  0, -823027946.062587,  0, 0,  0, 0
2, 2.69422985972093e-11, 0.011605139, 0.002715, -0.0002, 0.0004715,  0, 0.1 ,  0, -823786987.030021,  0, 0,  0, 0
2, 2.69422985972093e-11, 0.011625433, 0.00272, -0.0002, 0.000472,  0, 0.1 ,  0, -824545329.257282,  0, 0,  0, 0
2, 2.69422985972093e-11, 0.011645485, 0.002725, -0.0002, 0.0004725,  0, 0.1 ,  0, -825302974.670515,  0, 0,  0, 0
2, 2.69422985972093e-11, 0.011669902, 0.00273, -0.0002, 0.000473,  0, 0.1 ,  0, -826059925.187029,  0, 0,  0, 0
2, 2.69422985972093e-11, 0.011691224, 0.002735, -0.0002, 0.0004735,  0, 0.1 ,  0, -826816182.71536,  0, 0,  0, 0
2, 2.69422985972093e-11, 0.012930797, 0.00274, -0.0002, 0.000474,  0, 0.1 ,  0, -827571749.155323,  0, 0,  0, 0
2, 2.69422985972093e-11, 0.012968053, 0.002745, -0.0002, 0.0004745,  0, 0.1 ,  0, -828326626.398065,  0, 0,  0, 0
2, 2.69422985972093e-11, 0.012992364, 0.00275, -0.0002, 0.000475,  0, 0.1 ,  0, -829080816.326129,  0, 0,  0, 0
2, 2.69422985972093e-11, 0.013014539, 0.002755, -0.0002, 0.0004755,  0, 0.1 ,  0, -829834320.813498,  0, 0,  0, 0
2, 2.69422985972093e-11, 0.013035836, 0.00276, -0.0002, 0.000476,  0, 0.1 ,  0, -830587141.725659,  0, 0,  0, 0
2, 2.69422985972093e-11, 0.013056732, 0.002765, -0.0002, 0.0004765,  0, 0.1 ,  0, -831339280.91965,  0, 0,  0, 0
2, 2.69422985972093e-11, 0.013080725, 0.00277, -0.0002, 0.000477,  0, 0.1 ,  0, -832090740.244116,  0, 0,  0, 0
2, 2.69422985972093e-11, 0.01310143, 0.002775, -0.0002, 0.0004775,  0, 0.1 ,  0, -832841521.539362,  0, 0,  0, 0
2, 2.69422985972093e-11, 0.01312196, 0.00278, -0.0002, 0.000478,  0, 0.1 ,  0, -833591626.637408,  0, 0,  0, 0
2, 2.69422985972093e-11, 0.01314229, 0.002785, -0.0002, 0.0004785,  0, 0.1 ,  0, -834341057.362036,  0, 0,  0, 0
2, 2.69422985972093e-11, 0.013162711, 0.00279, -0.0002, 0.000479,  0, 0.1 ,  0, -835089815.528845,  0, 0,  0, 0
2, 2.69422985972093e-11, 0.013182926, 0.002795, -0.0002, 0.0004795,  0, 0.1 ,  0, -835837902.945302,  0, 0,  0, 0
2, 2.69422985972093e-11, 0.013203128, 0.0028, -0.0002, 0.00048,  0, 0.1 ,  0, -836585321.410793,  0, 0,  0, 0
2, 2.69422985972093e-11, 0.013223548, 0.002805, -0.0002, 0.0004805,  0, 0.1 ,  0, -837332072.716673,  0, 0,  0, 0
2, 2.69422985972093e-11, 0.013243698, 0.00281, -0.0002, 0.000481,  0, 0.1 ,  0, -838078158.646316,  0, 0,  0, 0
2, 2.69422985972093e-11, 0.013263955, 0.002815, -0.0002, 0.0004815,  0, 0.1 ,  0, -838823580.975165,  0, 0,  0, 0
2, 2.69422985972093e-11, 0.01328412, 0.00282, -0.0002, 0.000482,  0, 0.1 ,  0, -839568341.470783,  0, 0,  0, 0
2, 2.69422985972093e-11, 0.01330446, 0.002825, -0.0002, 0.0004825,  0, 0.1 ,  0, -840312441.892895,  0, 0,  0, 0
2, 2.69422985972093e-11, 0.013324695, 0.00283, -0.0002, 0.000483,  0, 0.1 ,  0, -841055883.993448,  0, 0,  0, 0
2, 2.69422985972093e-11, 0.01334491, 0.002835, -0.0002, 0.0004835,  0, 0.1 ,  0, -841798669.516649,  0, 0,  0, 0
2, 2.69422985972093e-11, 0.013365045, 0.00284, -0.0002, 0.000484,  0, 0.1 ,  0, -842540800.199017,  0, 0,  0, 0
2, 2.69422985972093e-11, 0.013385272, 0.002845, -0.0002, 0.0004845,  0, 0.1 ,  0, -843282277.769431,  0, 0,  0, 0
2, 2.69422985972093e-11, 0.013405409, 0.00285, -0.0002, 0.000485,  0, 0.1 ,  0, -844023103.949175,  0, 0,  0, 0
2, 2.69422985972093e-11, 0.013425668, 0.002855, -0.0002, 0.0004855,  0, 0.1 ,  0, -844763280.451985,  0, 0,  0, 0
2, 2.69422985972093e-11, 0.013445935, 0.00286, -0.0002, 0.000486,  0, 0.1 ,  0, -845502808.984098,  0, 0,  0, 0
2, 2.69422985972093e-11, 0.013466126, 0.002865, -0.0002, 0.0004865,  0, 0.1 ,  0, -846241691.244292,  0, 0,  0, 0
2, 2.69422985972093e-11, 0.013486287, 0.00287, -0.0002, 0.000487,  0, 0.1 ,  0, -846979928.923939,  0, 0,  0, 0
2, 2.69422985972093e-11, 0.013506433, 0.002875, -0.0002, 0.0004875,  0, 0.1 ,  0, -847717523.707043,  0, 0,  0, 0
2, 2.69422985972093e-11, 0.013526575, 0.00288, -0.0002, 0.000488,  0, 0.1 ,  0, -848454477.27029,  0, 0,  0, 0
2, 2.69422985972093e-11, 0.013546779, 0.002885, -0.0002, 0.0004885,  0, 0.1 ,  0, -849190791.28309,  0, 0,  0, 0
2, 2.69422985972093e-11, 0.013567048, 0.00289, -0.0002, 0.000489,  0, 0.1 ,  0, -849926467.407622,  0, 0,  0, 0
2, 2.69422985972093e-11, 0.013587244, 0.002895, -0.0002, 0.0004895,  0, 0.1 ,  0, -850661507.298879,  0, 0,  0, 0
2, 2.69422985972093e-11, 0.013607473, 0.0029, -0.0002, 0.00049,  0, 0.1 ,  0, -851395912.604706,  0, 0,  0, 0
2, 2.69422985972093e-11, 0.013627796, 0.002905, -0.0002, 0.0004905,  0, 0.1 ,  0, -852129684.965851,  0, 0,  0, 0
2, 2.69422985972093e-11, 0.013648116, 0.00291, -0.0002, 0.000491,  0, 0.1 ,  0, -852862826.016001,  0, 0,  0, 0
2, 2.69422985972093e-11, 0.013668357, 0.002915, -0.0002, 0.0004915,  0, 0.1 ,  0, -853595337.38183,  0, 0,  0, 0
2, 2.69422985972093e-11, 0.013688527, 0.00292, -0.0002, 0.000492,  0, 0.1 ,  0, -854327220.683035,  0, 0,  0, 0
2, 2.69422985972093e-11, 0.013708745, 0.002925, -0.0002, 0.0004925,  0, 0.1 ,  0, -855058477.532385,  0, 0,  0, 0
2, 2.69422985972093e-11, 0.013731893, 0.00293, -0.0002, 0.000493,  0, 0.1 ,  0, -855789109.535755,  0, 0,  0, 0
2, 2.69422985972093e-11, 0.013752645, 0.002935, -0.0002, 0.0004935,  0, 0.1 ,  0, -856519118.292172,  0, 0,  0, 0
2, 2.69422985972093e-11, 0.01377302, 0.00294, -0.0002, 0.000494,  0, 0.1 ,  0, -857248505.393856,  0, 0,  0, 0
2, 2.69422985972093e-11, 0.013793326, 0.002945, -0.0002, 0.0004945,  0, 0.1 ,  0, -857977272.426257,  0, 0,  0, 0
2, 2.69422985972093e-11, 0.013813654, 0.00295, -0.0002, 0.000495,  0, 0.1 ,  0, -858705420.968099,  0, 0,  0, 0
2, 2.69422985972093e-11, 0.013836127, 0.002955, -0.0002, 0.0004955,  0, 0.1 ,  0, -859432952.591417,  0, 0,  0, 0
2, 2.69422985972093e-11, 0.013856592, 0.00296, -0.0002, 0.000496,  0, 0.1 ,  0, -860159868.861597,  0, 0,  0, 0
2, 2.69422985972093e-11, 0.013876992, 0.002965, -0.0002, 0.0004965,  0, 0.1 ,  0, -860886171.337419,  0, 0,  0, 0
2, 2.69422985972093e-11, 0.013897227, 0.00297, -0.0002, 0.000497,  0, 0.1 ,  0, -861611861.57109,  0, 0,  0, 0
2, 2.69422985972093e-11, 0.013917409, 0.002975, -0.0002, 0.0004975,  0, 0.1 ,  0, -862336941.108289,  0, 0,  0, 0
2, 2.69422985972093e-11, 0.013937703, 0.00298, -0.0002, 0.000498,  0, 0.1 ,  0, -863061411.488198,  0, 0,  0, 0
2, 2.69422985972093e-11, 0.013958009, 0.002985, -0.0002, 0.0004985,  0, 0.1 ,  0, -863785274.243547,  0, 0,  0, 0
2, 2.69422985972093e-11, 0.013978191, 0.00299, -0.0002, 0.000499,  0, 0.1 ,  0, -864508530.90065,  0, 0,  0, 0
2, 2.69422985972093e-11, 0.013998348, 0.002995, -0.0002, 0.0004995,  0, 0.1 ,  0, -865231182.979439,  0, 0,  0, 0
2, 2.69422985972093e-11, 0.014018639, 0.003, -0.0002, 0.0005,  0, 0.1 ,  0, -865953231.993507,  0, 0,  0, 0
2, 2.69422985972093e-11, 0.014039028, 0.003005, -0.0002, 0.0005005,  0, 0.1 ,  0, -866674679.450138,  0, 0,  0, 0
2, 2.69422985972093e-11, 0.014059256, 0.00301, -0.0002, 0.000501,  0, 0.1 ,  0, -867395526.850352,  0, 0,  0, 0
2, 2.69422985972093e-11, 0.014079512, 0.003015, -0.0002, 0.0005015,  0, 0.1 ,  0, -868115775.688934,  0, 0,  0, 0
2, 2.69422985972093e-11, 0.014099879, 0.00302, -0.0002, 0.000502,  0, 0.1 ,  0, -868835427.454475,  0, 0,  0, 0
2, 2.69422985972093e-11, 0.014120116, 0.003025, -0.0002, 0.0005025,  0, 0.1 ,  0, -869554483.629405,  0, 0,  0, 0
2, 2.69422985972093e-11, 0.014140478, 0.00303, -0.0002, 0.000503,  0, 0.1 ,  0, -870272945.690029,  0, 0,  0, 0
2, 2.69422985972093e-11, 0.014160792, 0.003035, -0.0002, 0.0005035,  0, 0.1 ,  0, -870990815.106566,  0, 0,  0, 0
2, 2.69422985972093e-11, 0.014181066, 0.00304, -0.0002, 0.000504,  0, 0.1 ,  0, -871708093.343179,  0, 0,  0, 0
2, 2.69422985972093e-11, 0.014201376, 0.003045, -0.0002, 0.0005045,  0, 0.1 ,  0, -872424781.858012,  0, 0,  0, 0
2, 2.69422985972093e-11, 0.014221564, 0.00305, -0.0002, 0.000505,  0, 0.1 ,  0, -873140882.103226,  0, 0,  0, 0
2, 2.69422985972093e-11, 0.014241728, 0.003055, -0.0002, 0.0005055,  0, 0.1 ,  0, -873856395.525031,  0, 0,  0, 0
2, 2.69422985972093e-11, 0.014262094, 0.00306, -0.0002, 0.000506,  0, 0.1 ,  0, -874571323.563722,  0, 0,  0, 0
2, 2.69422985972093e-11, 0.014282429, 0.003065, -0.0002, 0.0005065,  0, 0.1 ,  0, -875285667.65371,  0, 0,  0, 0
2, 2.69422985972093e-11, 0.014302733, 0.00307, -0.0002, 0.000507,  0, 0.1 ,  0, -875999429.223558,  0, 0,  0, 0
2, 2.69422985972093e-11, 0.014322933, 0.003075, -0.0002, 0.0005075,  0, 0.1 ,  0, -876712609.696017,  0, 0,  0, 0
2, 2.69422985972093e-11, 0.014343121, 0.00308, -0.0002, 0.000508,  0, 0.1 ,  0, -877425210.488051,  0, 0,  0, 0
2, 2.69422985972093e-11, 0.014363212, 0.003085, -0.0002, 0.0005085,  0, 0.1 ,  0, -878137233.010877,  0, 0,  0, 0
2, 2.69422985972093e-11, 0.014383428, 0.00309, -0.0002, 0.000509,  0, 0.1 ,  0, -878848678.669997,  0, 0,  0, 0
2, 2.69422985972093e-11, 0.014403671, 0.003095, -0.0002, 0.0005095,  0, 0.1 ,  0, -879559548.865226,  0, 0,  0, 0
2, 2.69422985972093e-11, 0.014423936, 0.0031, -0.0002, 0.00051,  0, 0.1 ,  0, -880269844.990728,  0, 0,  0, 0
2, 2.69422985972093e-11, 0.014444245, 0.003105, -0.0002, 0.0005105,  0, 0.1 ,  0, -880979568.435046,  0, 0,  0, 0
2, 2.69422985972093e-11, 0.014464371, 0.00311, -0.0002, 0.000511,  0, 0.1 ,  0, -881688720.581136,  0, 0,  0, 0
2, 2.69422985972093e-11, 0.014484604, 0.003115, -0.0002, 0.0005115,  0, 0.1 ,  0, -882397302.806395,  0, 0,  0, 0
2, 2.69422985972093e-11, 0.014507692, 0.00312, -0.0002, 0.000512,  0, 0.1 ,  0, -883105316.482695,  0, 0,  0, 0
2, 2.69422985972093e-11, 0.01452814, 0.003125, -0.0002, 0.0005125,  0, 0.1 ,  0, -883812762.976412,  0, 0,  0, 0
2, 2.69422985972093e-11, 0.014548471, 0.00313, -0.0002, 0.000513,  0, 0.1 ,  0, -884519643.648461,  0, 0,  0, 0
2, 2.69422985972093e-11, 0.014570838, 0.003135, -0.0002, 0.0005135,  0, 0.1 ,  0, -885225959.854319,  0, 0,  0, 0
2, 2.69422985972093e-11, 0.014591266, 0.00314, -0.0002, 0.000514,  0, 0.1 ,  0, -885931712.944062,  0, 0,  0, 0
2, 2.69422985972093e-11, 0.014620166, 0.003145, -0.0002, 0.0005145,  0, 0.1 ,  0, -886636904.262393,  0, 0,  0, 0
2, 2.69422985972093e-11, 0.014641901, 0.00315, -0.0002, 0.000515,  0, 0.1 ,  0, -887341535.148671,  0, 0,  0, 0
2, 2.69422985972093e-11, 0.014662345, 0.003155, -0.0002, 0.0005155,  0, 0.1 ,  0, -888045606.936941,  0, 0,  0, 0
2, 2.69422985972093e-11, 0.014682733, 0.00316, -0.0002, 0.000516,  0, 0.1 ,  0, -888749120.955965,  0, 0,  0, 0
2, 2.69422985972093e-11, 0.014703199, 0.003165, -0.0002, 0.0005165,  0, 0.1 ,  0, -889452078.529248,  0, 0,  0, 0
2, 2.69422985972093e-11, 0.014723562, 0.00317, -0.0002, 0.000517,  0, 0.1 ,  0, -890154480.975072,  0, 0,  0, 0
2, 2.69422985972093e-11, 0.014743863, 0.003175, -0.0002, 0.0005175,  0, 0.1 ,  0, -890856329.60652,  0, 0,  0, 0
2, 2.69422985972093e-11, 0.014764219, 0.00318, -0.0002, 0.000518,  0, 0.1 ,  0, -891557625.731506,  0, 0,  0, 0
2, 2.69422985972093e-11, 0.014784474, 0.003185, -0.0002, 0.0005185,  0, 0.1 ,  0, -892258370.652806,  0, 0,  0, 0
2, 2.69422985972093e-11, 0.014804903, 0.00319, -0.0002, 0.000519,  0, 0.1 ,  0, -892958565.668083,  0, 0,  0, 0
2, 2.69422985972093e-11, 0.014825131, 0.003195, -0.0002, 0.0005195,  0, 0.1 ,  0, -893658212.069917,  0, 0,  0, 0
2, 2.69422985972093e-11, 0.014845543, 0.0032, -0.0002, 0.00052,  0, 0.1 ,  0, -894357311.145831,  0, 0,  0, 0
2, 2.69422985972093e-11, 0.014865959, 0.003205, -0.0002, 0.0005205,  0, 0.1 ,  0, -895055864.178321,  0, 0,  0, 0
2, 2.69422985972093e-11, 0.014886426, 0.00321, -0.0002, 0.000521,  0, 0.1 ,  0, -895753872.444881,  0, 0,  0, 0
2, 2.69422985972093e-11, 0.01490681, 0.003215, -0.0002, 0.0005215,  0, 0.1 ,  0, -896451337.218033,  0, 0,  0, 0
2, 2.69422985972093e-11, 0.014927256, 0.00322, -0.0002, 0.000522,  0, 0.1 ,  0, -897148259.765352,  0, 0,  0, 0
2, 2.69422985972093e-11, 0.014947646, 0.003225, -0.0002, 0.0005225,  0, 0.1 ,  0, -897844641.349493,  0, 0,  0, 0
2, 2.69422985972093e-11, 0.014968061, 0.00323, -0.0002, 0.000523,  0, 0.1 ,  0, -898540483.228218,  0, 0,  0, 0
2, 2.69422985972093e-11, 0.014988415, 0.003235, -0.0002, 0.0005235,  0, 0.1 ,  0, -899235786.654424,  0, 0,  0, 0
2, 2.69422985972093e-11, 0.015008715, 0.00324, -0.0002, 0.000524,  0, 0.1 ,  0, -899930552.876165,  0, 0,  0, 0
2, 2.69422985972093e-11, 0.015028975, 0.003245, -0.0002, 0.0005245,  0, 0.1 ,  0, -900624783.136685,  0, 0,  0, 0
2, 2.69422985972093e-11, 0.015049263, 0.00325, -0.0002, 0.000525,  0, 0.1 ,  0, -901318478.674436,  0, 0,  0, 0
2, 2.69422985972093e-11, 0.015069576, 0.003255, -0.0002, 0.0005255,  0, 0.1 ,  0, -902011640.723112,  0, 0,  0, 0
2, 2.69422985972093e-11, 0.015090029, 0.00326, -0.0002, 0.000526,  0, 0.1 ,  0, -902704270.511667,  0, 0,  0, 0
2, 2.69422985972093e-11, 0.015110357, 0.003265, -0.0002, 0.0005265,  0, 0.1 ,  0, -903396369.264345,  0, 0,  0, 0
2, 2.69422985972093e-11, 0.0151306, 0.00327, -0.0002, 0.000527,  0, 0.1 ,  0, -904087938.200704,  0, 0,  0, 0
2, 2.69422985972093e-11, 0.015150913, 0.003275, -0.0002, 0.0005275,  0, 0.1 ,  0, -904778978.535642,  0, 0,  0, 0
2, 2.69422985972093e-11, 0.015171236, 0.00328, -0.0002, 0.000528,  0, 0.1 ,  0, -905469491.47942,  0, 0,  0, 0
2, 2.69422985972093e-11, 0.015191571, 0.003285, -0.0002, 0.0005285,  0, 0.1 ,  0, -906159478.237689,  0, 0,  0, 0
2, 2.69422985972093e-11, 0.015211886, 0.00329, -0.0002, 0.000529,  0, 0.1 ,  0, -906848940.01151,  0, 0,  0, 0
2, 2.69422985972093e-11, 0.015232178, 0.003295, -0.0002, 0.0005295,  0, 0.1 ,  0, -907537877.997387,  0, 0,  0, 0
2, 2.69422985972093e-11, 0.015252437, 0.0033, -0.0002, 0.00053,  0, 0.1 ,  0, -908226293.387282,  0, 0,  0, 0
2, 2.69422985972093e-11, 0.015276173, 0.003305, -0.0002, 0.0005305,  0, 0.1 ,  0, -908914187.368643,  0, 0,  0, 0
2, 2.69422985972093e-11, 0.015296821, 0.00331, -0.0002, 0.000531,  0, 0.1 ,  0, -909601561.12443,  0, 0,  0, 0
2, 2.69422985972093e-11, 0.015319369, 0.003315, -0.0002, 0.0005315,  0, 0.1 ,  0, -910288415.833136,  0, 0,  0, 0
2, 2.69422985972093e-11, 0.015339845, 0.00332, -0.0002, 0.000532,  0, 0.1 ,  0, -910974752.66881,  0, 0,  0, 0
2, 2.69422985972093e-11, 0.015360116, 0.003325, -0.0002, 0.0005325,  0, 0.1 ,  0, -911660572.801084,  0, 0,  0, 0
2, 2.69422985972093e-11, 0.015380383, 0.00333, -0.0002, 0.000533,  0, 0.1 ,  0, -912345877.39519,  0, 0,  0, 0
2, 2.69422985972093e-11, 0.01540071, 0.003335, -0.0002, 0.0005335,  0, 0.1 ,  0, -913030667.611992,  0, 0,  0, 0
2, 2.69422985972093e-11, 0.015421037, 0.00334, -0.0002, 0.000534,  0, 0.1 ,  0, -913714944.608,  0, 0,  0, 0
2, 2.69422985972093e-11, 0.015441537, 0.003345, -0.0002, 0.0005345,  0, 0.1 ,  0, -914398709.535397,  0, 0,  0, 0
2, 2.69422985972093e-11, 0.015461831, 0.00335, -0.0002, 0.000535,  0, 0.1 ,  0, -915081963.542064,  0, 0,  0, 0
2, 2.69422985972093e-11, 0.015482067, 0.003355, -0.0002, 0.0005355,  0, 0.1 ,  0, -915764707.771598,  0, 0,  0, 0
2, 2.69422985972093e-11, 0.01550248, 0.00336, -0.0002, 0.000536,  0, 0.1 ,  0, -916446943.363335,  0, 0,  0, 0
2, 2.69422985972093e-11, 0.015522822, 0.003365, -0.0002, 0.0005365,  0, 0.1 ,  0, -917128671.452376,  0, 0,  0, 0
2, 2.69422985972093e-11, 0.015543196, 0.00337, -0.0002, 0.000537,  0, 0.1 ,  0, -917809893.169604,  0, 0,  0, 0
2, 2.69422985972093e-11, 0.015563518, 0.003375, -0.0002, 0.0005375,  0, 0.1 ,  0, -918490609.64171,  0, 0,  0, 0
2, 2.69422985972093e-11, 0.015583895, 0.00338, -0.0002, 0.000538,  0, 0.1 ,  0, -919170821.991212,  0, 0,  0, 0
2, 2.69422985972093e-11, 0.015604192, 0.003385, -0.0002, 0.0005385,  0, 0.1 ,  0, -919850531.336478,  0, 0,  0, 0
2, 2.69422985972093e-11, 0.015624473, 0.00339, -0.0002, 0.000539,  0, 0.1 ,  0, -920529738.791746,  0, 0,  0, 0
2, 2.69422985972093e-11, 0.015644772, 0.003395, -0.0002, 0.0005395,  0, 0.1 ,  0, -921208445.467148,  0, 0,  0, 0
2, 2.69422985972093e-11, 0.015670551, 0.0034, -0.0002, 0.00054,  0, 0.1 ,  0, -921886652.46873,  0, 0,  0, 0
2, 2.69422985972093e-11, 0.015692153, 0.003405, -0.0002, 0.0005405,  0, 0.1 ,  0, -922564360.898469,  0, 0,  0, 0
2, 2.69422985972093e-11, 0.015712568, 0.00341, -0.0002, 0.000541,  0, 0.1 ,  0, -923241571.854301,  0, 0,  0, 0
2, 2.69422985972093e-11, 0.015732932, 0.003415, -0.0002, 0.0005415,  0, 0.1 ,  0, -923918286.430137,  0, 0,  0, 0
2, 2.69422985972093e-11, 0.015753321, 0.00342, -0.0002, 0.000542,  0, 0.1 ,  0, -924594505.715884,  0, 0,  0, 0
2, 2.69422985972093e-11, 0.015773583, 0.003425, -0.0002, 0.0005425,  0, 0.1 ,  0, -925270230.797468,  0, 0,  0, 0
2, 2.69422985972093e-11, 0.015793843, 0.00343, -0.0002, 0.000543,  0, 0.1 ,  0, -925945462.756852,  0, 0,  0, 0
2, 2.69422985972093e-11, 0.015814072, 0.003435, -0.0002, 0.0005435,  0, 0.1 ,  0, -926620202.672055,  0, 0,  0, 0
2, 2.69422985972093e-11, 0.015834366, 0.00344, -0.0002, 0.000544,  0, 0.1 ,  0, -927294451.617177,  0, 0,  0, 0
2, 2.69422985972093e-11, 0.015854679, 0.003445, -0.0002, 0.0005445,  0, 0.1 ,  0, -927968210.662413,  0, 0,  0, 0
2, 2.69422985972093e-11, 0.015874983, 0.00345, -0.0002, 0.000545,  0, 0.1 ,  0, -928641480.874078,  0, 0,  0, 0
2, 2.69422985972093e-11, 0.015895377, 0.003455, -0.0002, 0.0005455,  0, 0.1 ,  0, -929314263.314623,  0, 0,  0, 0
2, 2.69422985972093e-11, 0.015915612, 0.00346, -0.0002, 0.000546,  0, 0.1 ,  0, -929986559.042656,  0, 0,  0, 0
2, 2.69422985972093e-11, 0.015935944, 0.003465, -0.0002, 0.0005465,  0, 0.1 ,  0, -930658369.112963,  0, 0,  0, 0
2, 2.69422985972093e-11, 0.015956177, 0.00347, -0.0002, 0.000547,  0, 0.1 ,  0, -931329694.576523,  0, 0,  0, 0
2, 2.69422985972093e-11, 0.015976479, 0.003475, -0.0002, 0.0005475,  0, 0.1 ,  0, -932000536.480532,  0, 0,  0, 0
2, 2.69422985972093e-11, 0.015996674, 0.00348, -0.0002, 0.000548,  0, 0.1 ,  0, -932670895.86842,  0, 0,  0, 0
2, 2.69422985972093e-11, 0.016016951, 0.003485, -0.0002, 0.0005485,  0, 0.1 ,  0, -933340773.779867,  0, 0,  0, 0
2, 2.69422985972093e-11, 0.016037215, 0.00349, -0.0002, 0.000549,  0, 0.1 ,  0, -934010171.250828,  0, 0,  0, 0
2, 2.69422985972093e-11, 0.016061459, 0.003495, -0.0002, 0.0005495,  0, 0.1 ,  0, -934679089.313546,  0, 0,  0, 0
2, 2.69422985972093e-11, 0.016084134, 0.0035, -0.0002, 0.00055,  0, 0.1 ,  0, -935347528.996576,  0, 0,  0, 0
2, 2.69422985972093e-11, 0.016104698, 0.003505, -0.0002, 0.0005505,  0, 0.1 ,  0, -936015491.324797,  0, 0,  0, 0
2, 2.69422985972093e-11, 0.016125188, 0.00351, -0.0002, 0.000551,  0, 0.1 ,  0, -936682977.319434,  0, 0,  0, 0
2, 2.69422985972093e-11, 0.016145541, 0.003515, -0.0002, 0.0005515,  0, 0.1 ,  0, -937349987.99808,  0, 0,  0, 0
2, 2.69422985972093e-11, 0.016166049, 0.00352, -0.0002, 0.000552,  0, 0.1 ,  0, -938016524.374704,  0, 0,  0, 0
2, 2.69422985972093e-11, 0.01618639, 0.003525, -0.0002, 0.0005525,  0, 0.1 ,  0, -938682587.45968,  0, 0,  0, 0
2, 2.69422985972093e-11, 0.016206753, 0.00353, -0.0002, 0.000553,  0, 0.1 ,  0, -939348178.259797,  0, 0,  0, 0
2, 2.69422985972093e-11, 0.016227069, 0.003535, -0.0002, 0.0005535,  0, 0.1 ,  0, -940013297.778281,  0, 0,  0, 0
2, 2.69422985972093e-11, 0.016247275, 0.00354, -0.0002, 0.000554,  0, 0.1 ,  0, -940677947.014811,  0, 0,  0, 0
2, 2.69422985972093e-11, 0.016267501, 0.003545, -0.0002, 0.0005545,  0, 0.1 ,  0, -941342126.965536,  0, 0,  0, 0
2, 2.69422985972093e-11, 0.016287816, 0.00355, -0.0002, 0.000555,  0, 0.1 ,  0, -942005838.623095,  0, 0,  0, 0
2, 2.69422985972093e-11, 0.016307977, 0.003555, -0.0002, 0.0005555,  0, 0.1 ,  0, -942669082.97663,  0, 0,  0, 0
2, 2.69422985972093e-11, 0.016328331, 0.00356, -0.0002, 0.000556,  0, 0.1 ,  0, -943331861.011808,  0, 0,  0, 0
2, 2.69422985972093e-11, 0.016348638, 0.003565, -0.0002, 0.0005565,  0, 0.1 ,  0, -943994173.710834,  0, 0,  0, 0
2, 2.69422985972093e-11, 0.01636901, 0.00357, -0.0002, 0.000557,  0, 0.1 ,  0, -944656022.052472,  0, 0,  0, 0
2, 2.69422985972093e-11, 0.016389358, 0.003575, -0.0002, 0.0005575,  0, 0.1 ,  0, -945317407.012057,  0, 0,  0, 0
2, 2.69422985972093e-11, 0.016409662, 0.00358, -0.0002, 0.000558,  0, 0.1 ,  0, -945978329.561518,  0, 0,  0, 0
2, 2.69422985972093e-11, 0.016429911, 0.003585, -0.0002, 0.0005585,  0, 0.1 ,  0, -946638790.669387,  0, 0,  0, 0
2, 2.69422985972093e-11, 0.0164502, 0.00359, -0.0002, 0.000559,  0, 0.1 ,  0, -947298791.300823,  0, 0,  0, 0
2, 2.69422985972093e-11, 0.016470524, 0.003595, -0.0002, 0.0005595,  0, 0.1 ,  0, -947958332.417623,  0, 0,  0, 0
2, 2.69422985972093e-11, 0.016490834, 0.0036, -0.0002, 0.00056,  0, 0.1 ,  0, -948617414.978241,  0, 0,  0, 0
2, 2.69422985972093e-11, 0.016511182, 0.003605, -0.0002, 0.0005605,  0, 0.1 ,  0, -949276039.937804,  0, 0,  0, 0
2, 2.69422985972093e-11, 0.016531435, 0.00361, -0.0002, 0.000561,  0, 0.1 ,  0, -949934208.248129,  0, 0,  0, 0
2, 2.69422985972093e-11, 0.016551708, 0.003615, -0.0002, 0.0005615,  0, 0.1 ,  0, -950591920.857736,  0, 0,  0, 0
2, 2.69422985972093e-11, 0.016571966, 0.00362, -0.0002, 0.000562,  0, 0.1 ,  0, -951249178.711866,  0, 0,  0, 0
2, 2.69422985972093e-11, 0.016592166, 0.003625, -0.0002, 0.0005625,  0, 0.1 ,  0, -951905982.752499,  0, 0,  0, 0
2, 2.69422985972093e-11, 0.016612502, 0.00363, -0.0002, 0.000563,  0, 0.1 ,  0, -952562333.918364,  0, 0,  0, 0
2, 2.69422985972093e-11, 0.016632739, 0.003635, -0.0002, 0.0005635,  0, 0.1 ,  0, -953218233.14496,  0, 0,  0, 0
2, 2.69422985972093e-11, 0.016652995, 0.00364, -0.0002, 0.000564,  0, 0.1 ,  0, -953873681.364572,  0, 0,  0, 0
2, 2.69422985972093e-11, 0.016673222, 0.003645, -0.0002, 0.0005645,  0, 0.1 ,  0, -954528679.506279,  0, 0,  0, 0
2, 2.69422985972093e-11, 0.016693466, 0.00365, -0.0002, 0.000565,  0, 0.1 ,  0, -955183228.495978,  0, 0,  0, 0
2, 2.69422985972093e-11, 0.016713655, 0.003655, -0.0002, 0.0005655,  0, 0.1 ,  0, -955837329.256396,  0, 0,  0, 0
2, 2.69422985972093e-11, 0.016733956, 0.00366, -0.0002, 0.000566,  0, 0.1 ,  0, -956490982.707103,  0, 0,  0, 0
2, 2.69422985972093e-11, 0.016754178, 0.003665, -0.0002, 0.0005665,  0, 0.1 ,  0, -957144189.764531,  0, 0,  0, 0
2, 2.69422985972093e-11, 0.016774502, 0.00367, -0.0002, 0.000567,  0, 0.1 ,  0, -957796951.341985,  0, 0,  0, 0
2, 2.69422985972093e-11, 0.016794826, 0.003675, -0.0002, 0.0005675,  0, 0.1 ,  0, -958449268.349661,  0, 0,  0, 0
2, 2.69422985972093e-11, 0.016817465, 0.00368, -0.0002, 0.000568,  0, 0.1 ,  0, -959101141.69466,  0, 0,  0, 0
2, 2.69422985972093e-11, 0.016840635, 0.003685, -0.0002, 0.0005685,  0, 0.1 ,  0, -959752572.281002,  0, 0,  0, 0
2, 2.69422985972093e-11, 0.016861277, 0.00369, -0.0002, 0.000569,  0, 0.1 ,  0, -960403561.009642,  0, 0,  0, 0
2, 2.69422985972093e-11, 0.016881564, 0.003695, -0.0002, 0.0005695,  0, 0.1 ,  0, -961054108.778481,  0, 0,  0, 0
2, 2.69422985972093e-11, 0.016901852, 0.0037, -0.0002, 0.00057,  0, 0.1 ,  0, -961704216.482386,  0, 0,  0, 0
2, 2.69422985972093e-11, 0.01692213, 0.003705, -0.0002, 0.0005705,  0, 0.1 ,  0, -962353885.0132,  0, 0,  0, 0
2, 2.69422985972093e-11, 0.016942598, 0.00371, -0.0002, 0.000571,  0, 0.1 ,  0, -963003115.259759,  0, 0,  0, 0
2, 2.69422985972093e-11, 0.016962941, 0.003715, -0.0002, 0.0005715,  0, 0.1 ,  0, -963651908.107902,  0, 0,  0, 0
2, 2.69422985972093e-11, 0.016983291, 0.00372, -0.0002, 0.000572,  0, 0.1 ,  0, -964300264.440491,  0, 0,  0, 0
2, 2.69422985972093e-11, 0.01700351, 0.003725, -0.0002, 0.0005725,  0, 0.1 ,  0, -964948185.13742,  0, 0,  0, 0
2, 2.69422985972093e-11, 0.01702377, 0.00373, -0.0002, 0.000573,  0, 0.1 ,  0, -965595671.075632,  0, 0,  0, 0
2, 2.69422985972093e-11, 0.017043977, 0.003735, -0.0002, 0.0005735,  0, 0.1 ,  0, -966242723.129132,  0, 0,  0, 0
2, 2.69422985972093e-11, 0.01706438, 0.00374, -0.0002, 0.000574,  0, 0.1 ,  0, -966889342.168999,  0, 0,  0, 0
2, 2.69422985972093e-11, 0.017084567, 0.003745, -0.0002, 0.0005745,  0, 0.1 ,  0, -967535529.063403,  0, 0,  0, 0
2, 2.69422985972093e-11, 0.017104821, 0.00375, -0.0002, 0.000575,  0, 0.1 ,  0, -968181284.677617,  0, 0,  0, 0
2, 2.69422985972093e-11, 0.017125153, 0.003755, -0.0002, 0.0005755,  0, 0.1 ,  0, -968826609.874027,  0, 0,  0, 0
2, 2.69422985972093e-11, 0.017145451, 0.00376, -0.0002, 0.000576,  0, 0.1 ,  0, -969471505.512153,  0, 0,  0, 0
2, 2.69422985972093e-11, 0.017165746, 0.003765, -0.0002, 0.0005765,  0, 0.1 ,  0, -970115972.448655,  0, 0,  0, 0
2, 2.69422985972093e-11, 0.017186037, 0.00377, -0.0002, 0.000577,  0, 0.1 ,  0, -970760011.537352,  0, 0,  0, 0
2, 2.69422985972093e-11, 0.017206351, 0.003775, -0.0002, 0.0005775,  0, 0.1 ,  0, -971403623.629231,  0, 0,  0, 0
2, 2.69422985972093e-11, 0.017226647, 0.00378, -0.0002, 0.000578,  0, 0.1 ,  0, -972046809.572461,  0, 0,  0, 0
2, 2.69422985972093e-11, 0.017246969, 0.003785, -0.0002, 0.0005785,  0, 0.1 ,  0, -972689570.212409,  0, 0,  0, 0
2, 2.69422985972093e-11, 0.017267203, 0.00379, -0.0002, 0.000579,  0, 0.1 ,  0, -973331906.391648,  0, 0,  0, 0
2, 2.69422985972093e-11, 0.017287399, 0.003795, -0.0002, 0.0005795,  0, 0.1 ,  0, -973973818.949976,  0, 0,  0, 0
2, 2.69422985972093e-11, 0.017307669, 0.0038, -0.0002, 0.00058,  0, 0.1 ,  0, -974615308.724422,  0, 0,  0, 0
2, 2.69422985972093e-11, 0.017328008, 0.003805, -0.0002, 0.0005805,  0, 0.1 ,  0, -975256376.549264,  0, 0,  0, 0
2, 2.69422985972093e-11, 0.017348189, 0.00381, -0.0002, 0.000581,  0, 0.1 ,  0, -975897023.25604,  0, 0,  0, 0
2, 2.69422985972093e-11, 0.017368351, 0.003815, -0.0002, 0.0005815,  0, 0.1 ,  0, -976537249.67356,  0, 0,  0, 0
2, 2.69422985972093e-11, 0.01738866, 0.00382, -0.0002, 0.000582,  0, 0.1 ,  0, -977177056.627917,  0, 0,  0, 0
2, 2.69422985972093e-11, 0.017408985, 0.003825, -0.0002, 0.0005825,  0, 0.1 ,  0, -977816444.942506,  0, 0,  0, 0
2, 2.69422985972093e-11, 0.017429276, 0.00383, -0.0002, 0.000583,  0, 0.1 ,  0, -978455415.438026,  0, 0,  0, 0
2, 2.69422985972093e-11, 0.017449551, 0.003835, -0.0002, 0.0005835,  0, 0.1 ,  0, -979093968.932502,  0, 0,  0, 0
2, 2.69422985972093e-11, 0.017469911, 0.00384, -0.0002, 0.000584,  0, 0.1 ,  0, -979732106.241293,  0, 0,  0, 0
2, 2.69422985972093e-11, 0.017490203, 0.003845, -0.0002, 0.0005845,  0, 0.1 ,  0, -980369828.177102,  0, 0,  0, 0
2, 2.69422985972093e-11, 0.017510501, 0.00385, -0.0002, 0.000585,  0, 0.1 ,  0, -981007135.549992,  0, 0,  0, 0
2, 2.69422985972093e-11, 0.017530729, 0.003855, -0.0002, 0.0005855,  0, 0.1 ,  0, -981644029.167396,  0, 0,  0, 0
2, 2.69422985972093e-11, 0.01755476, 0.00386, -0.0002, 0.000586,  0, 0.1 ,  0, -982280509.834131,  0, 0,  0, 0
2, 2.69422985972093e-11, 0.017575126, 0.003865, -0.0002, 0.0005865,  0, 0.1 ,  0, -982916578.352405,  0, 0,  0, 0
2, 2.69422985972093e-11, 0.017598226, 0.00387, -0.0002, 0.000587,  0, 0.1 ,  0, -983552235.521835,  0, 0,  0, 0
2, 2.69422985972093e-11, 0.017618643, 0.003875, -0.0002, 0.0005875,  0, 0.1 ,  0, -984187482.139455,  0, 0,  0, 0
2, 2.69422985972093e-11, 0.01763896, 0.00388, -0.0002, 0.000588,  0, 0.1 ,  0, -984822318.999727,  0, 0,  0, 0
2, 2.69422985972093e-11, 0.017659273, 0.003885, -0.0002, 0.0005885,  0, 0.1 ,  0, -985456746.894556,  0, 0,  0, 0
2, 2.69422985972093e-11, 0.017679613, 0.00389, -0.0002, 0.000589,  0, 0.1 ,  0, -986090766.613297,  0, 0,  0, 0
2, 2.69422985972093e-11, 0.017699837, 0.003895, -0.0002, 0.0005895,  0, 0.1 ,  0, -986724378.942773,  0, 0,  0, 0
2, 2.69422985972093e-11, 0.017720145, 0.0039, -0.0002, 0.00059,  0, 0.1 ,  0, -987357584.667277,  0, 0,  0, 0
2, 2.69422985972093e-11, 0.017740389, 0.003905, -0.0002, 0.0005905,  0, 0.1 ,  0, -987990384.568595,  0, 0,  0, 0
2, 2.69422985972093e-11, 0.017760775, 0.00391, -0.0002, 0.000591,  0, 0.1 ,  0, -988622779.426005,  0, 0,  0, 0
2, 2.69422985972093e-11, 0.0177811, 0.003915, -0.0002, 0.0005915,  0, 0.1 ,  0, -989254770.016299,  0, 0,  0, 0
2, 2.69422985972093e-11, 0.017801497, 0.00392, -0.0002, 0.000592,  0, 0.1 ,  0, -989886357.113785,  0, 0,  0, 0
2, 2.69422985972093e-11, 0.017821695, 0.003925, -0.0002, 0.0005925,  0, 0.1 ,  0, -990517541.490306,  0, 0,  0, 0
2, 2.69422985972093e-11, 0.017841912, 0.00393, -0.0002, 0.000593,  0, 0.1 ,  0, -991148323.915245,  0, 0,  0, 0
2, 2.69422985972093e-11, 0.017862179, 0.003935, -0.0002, 0.0005935,  0, 0.1 ,  0, -991778705.15554,  0, 0,  0, 0
2, 2.69422985972093e-11, 0.017882397, 0.00394, -0.0002, 0.000594,  0, 0.1 ,  0, -992408685.975692,  0, 0,  0, 0
2, 2.69422985972093e-11, 0.017902685, 0.003945, -0.0002, 0.0005945,  0, 0.1 ,  0, -993038267.137778,  0, 0,  0, 0
2, 2.69422985972093e-11, 0.017922915, 0.00395, -0.0002, 0.000595,  0, 0.1 ,  0, -993667449.401459,  0, 0,  0, 0
2, 2.69422985972093e-11, 0.017943155, 0.003955, -0.0002, 0.0005955,  0, 0.1 ,  0, -994296233.523994,  0, 0,  0, 0
2, 2.69422985972093e-11, 0.017963556, 0.00396, -0.0002, 0.000596,  0, 0.1 ,  0, -994924620.260249,  0, 0,  0, 0
2, 2.69422985972093e-11, 0.017983761, 0.003965, -0.0002, 0.0005965,  0, 0.1 ,  0, -995552610.362707,  0, 0,  0, 0
2, 2.69422985972093e-11, 0.01800393, 0.00397, -0.0002, 0.000597,  0, 0.1 ,  0, -996180204.58148,  0, 0,  0, 0
2, 2.69422985972093e-11, 0.018024167, 0.003975, -0.0002, 0.0005975,  0, 0.1 ,  0, -996807403.664319,  0, 0,  0, 0
2, 2.69422985972093e-11, 0.018044525, 0.00398, -0.0002, 0.000598,  0, 0.1 ,  0, -997434208.356622,  0, 0,  0, 0
2, 2.69422985972093e-11, 0.018064886, 0.003985, -0.0002, 0.0005985,  0, 0.1 ,  0, -998060619.401447,  0, 0,  0, 0
2, 2.69422985972093e-11, 0.018085242, 0.00399, -0.0002, 0.000599,  0, 0.1 ,  0, -998686637.539524,  0, 0,  0, 0
2, 2.69422985972093e-11, 0.018105455, 0.003995, -0.0002, 0.0005995,  0, 0.1 ,  0, -999312263.50926,  0, 0,  0, 0
2, 2.69422985972093e-11, 0.018125864, 0.004, -0.0002, 0.0006,  0, 0.1 ,  0, -999937498.046753,  0, 0,  0, 0
2, 2.69422985972093e-11, 0.018720336, 0.004005, -0.0002, 0.0006005,  0, 0.1 ,  0, 0,  0, 0,  0, 0
2, 2.69422985972093e-11, 0.018740503, 0.00401, -0.0002, 0.000601,  0, 0.1 ,  0, 0,  0, 0,  0, 0
2, 2.69422985972093e-11, 0.018758868, 0.004015, -0.0002, 0.0006015,  0, 0.1 ,  0, 0,  0, 0,  0, 0
2, 2.69422985972093e-11, 0.018776915, 0.00402, -0.0002, 0.000602,  0, 0.1 ,  0, 0,  0, 0,  0, 0
2, 2.69422985972093e-11, 0.01879503, 0.004025, -0.0002, 0.0006025,  0, 0.1 ,  0, 0,  0, 0,  0, 0
2, 2.69422985972093e-11, 0.018812998, 0.00403, -0.0002, 0.000603,  0, 0.1 ,  0, 0,  0, 0,  0, 0
2, 2.69422985972093e-11, 0.018831028, 0.004035, -0.0002, 0.0006035,  0, 0.1 ,  0, 0,  0, 0,  0, 0
2, 2.69422985972093e-11, 0.018849016, 0.00404, -0.0002, 0.000604,  0, 0.1 ,  0, 0,  0, 0,  0, 0
2, 2.69422985972093e-11, 0.018866906, 0.004045, -0.0002, 0.0006045,  0, 0.1 ,  0, 0,  0, 0,  0, 0
2, 2.69422985972093e-11, 0.018887939, 0.00405, -0.0002, 0.000605,  0, 0.1 ,  0, 0,  0, 0,  0, 0
