time, angvelx, angvely, angvelz, posx, posy, posz, torqx, torqy, torqz
1e-05, 0, 5.05500718418189, 0, 4.61024566816575e-05, 0, 3.99999999995373, 0, 34152117966484.8, 0
2e-05, 0, 5.98294158569921, 0, 8.21974538598428e-05, 0, 3.99999999925686, 0, -28445980568260.8, 0
3e-05, 0, -0.883758585391346, 0, 0.000121046685737507, 0, 4.00000055921426, 0, -24797479036454.3, 0
4e-05, 0, -0.749825137697062, 0, 0.000158412525529035, 0, 4.00000228511168, 0, 19332234626689.9, 0
5e-05, 0, 2.27877851828966, 0, 0.000187788919060271, 0, 4.00000358346288, 0, 5308500156859.66, 0
6e-05, 0, 1.24700426335558, 0, 0.000215439787558098, 0, 4.00000447723706, 0, -12456179780609.4, 0
7e-05, 0, -1.13482960264983, 0, 0.000241687098815543, 0, 4.00000454115476, 0, -8884499898250.85, 0
8e-05, 0, -0.67642734190663, 0, 0.000267802878005912, 0, 4.00000347781519, 0, 15246482040870.6, 0
9e-05, 0, 2.73096506669117, 0, 0.000290261983426131, 0, 4.00000182936388, 0, 9658492560739.12, 0
0.0001, 0, 0.309785361200933, 0, 0.000306779160022817, 0, 4.00000044607236, 0, -31741704831346.1, 0
0.00011, 0, -4.54539446119033, 0, 0.000326216813619766, 0, 4.00000411960097, 0, -5513754224600.02, 0
0.00012, 0, -1.15099976353068, 0, 0.000344466713039416, 0, 4.00000546691916, 0, 29509386019438.1, 0
0.00013, 0, 1.38084849620275, 0, 0.000356581829821417, 0, 4.00000756960509, 0, -9627615033699.45, 0
0.00014, 0, -2.55623857935049, 0, 0.000372752303191446, 0, 4.00000719662499, 0, -17814491155556.7, 0
0.00015, 0, -1.70233028630039, 0, 0.000395073936704925, 0, 4.00000712146133, 0, 26916199224477.5, 0
0.00016, 0, 4.3165700971509, 0, 0.000417260181038381, 0, 4.00000496363983, 0, 23220628922301, 0
0.00017, 0, 4.2294853928121, 0, 0.000439162345447984, 0, 4.00000239307, 0, -22440557630436.2, 0
0.00018, 0, -0.315991348601209, 0, 0.000466119341196916, 0, 4.00000443567, 0, -11784963017962.3, 0
0.00019, 0, 1.83814751757523, 0, 0.000495482077588278, 0, 4.00000920710319, 0, 27811488024923.6, 0
0.0002, 0, 5.09992430333108, 0, 0.000517840894482365, 0, 4.00000990973005, 0, -5108625614397.85, 0
0.00021, 0, 0.447428919696459, 0, 0.000538874636801909, 0, 4.00000972492803, 0, -30029633970213, 0
0.00022, 0, -1.30839128779619, 0, 0.000563551406108747, 0, 4.00000934668566, 0, 15404502127716.4, 0
0.00023, 0, 3.27804373030997, 0, 0.000582691193899808, 0, 4.00000721641459, 0, 19536946708978.8, 0
0.00024, 0, 3.58659138117587, 0, 0.000597625700162142, 0, 4.00000354260421, 0, -13989332195431.2, 0
0.00025, 0, 0.46025970666705, 0, 0.000612580601251345, 0, 4.0000061849979, 0, -12681003189625.7, 0
0.00026, 0, -0.230100108141805, 0, 0.00062402376311281, 0, 4.00000853340734, 0, 5446041225487.29, 0
0.00027, 0, 1.63363828908799, 0, 0.00063004907829672, 0, 4.00001082142203, 0, 8611281570832.17, 0
0.00028, 0, 0.488698647588842, 0, 0.000627468953542241, 0, 4.00001035696932, 0, -24071695956930.7, 0
0.00029, 0, -5.28142449610887, 0, 0.000621279477285121, 0, 4.00000987431581, 0, -22259826210536.2, 0
0.0003, 0, -4.08575824467226, 0, 0.000615614395372624, 0, 4.00000810080717, 0, 32370656762989.3, 0
0.00031, 0, 1.27721783125182, 0, 0.000601241504516684, 0, 4.00000639796711, 0, 6190017623845.88, 0
0.00032, 0, -2.75846876810147, 0, 0.00058501268582604, 0, 4.00000428432963, 0, -33531045663835.9, 0
0.00033, 0, -4.50094249911154, 0, 0.000577072131580017, 0, 4.00000857415623, 0, 23117307960828.8, 0
0.00034, 0, 2.19396492766842, 0, 0.000565499303401393, 0, 4.00001194606298, 0, 26871748831782.8, 0
0.00035, 0, 1.54139722230506, 0, 0.000550195592109741, 0, 4.00001539790468, 0, -28719152484229.1, 0
0.00036, 0, -3.27397818090754, 0, 0.00054101356484265, 0, 4.00001716709854, 0, -8814954601310.92, 0
0.00037, 0, -1.28713910540095, 0, 0.000531773204507571, 0, 4.000015550021, 0, 21231633379830.3, 0
0.00038, 0, 1.45953657157499, 0, 0.000519402734577993, 0, 4.0000098903227, 0, 3247000955799.19, 0
0.00039, 0, 0.304412101450451, 0, 0.000508536974101895, 0, 4.00000532015724, 0, -11472243779552.4, 0
0.0004, 0, -1.18750489380566, 0, 0.000500425759333548, 0, 4.00000807598727, 0, 496357184762.66, 0
0.00041, 0, 1.44028969123299, 0, 0.000494786790363047, 0, 4.00001230756038, 0, 24682386823103.8, 0
0.00042, 0, 5.13036436724652, 0, 0.000486607999510357, 0, 4.00001277623441, 0, 3712628377649.26, 0
0.00043, 0, 1.68089443379004, 0, 0.000475594912823925, 0, 4.00001512379883, 0, -32042825925362.8, 0
0.00044, 0, -2.00745448830817, 0, 0.000466831291068069, 0, 4.00001708049202, 0, 3258602116569.62, 0
0.00045, 0, 1.68105955327871, 0, 0.000452403346821708, 0, 4.00001184667525, 0, 20780909224263.2, 0
0.00046, 0, 1.08213262578068, 0, 0.00042761566554951, 0, 4.0000058767777, 0, -28691709017860, 0
0.00047, 0, -5.03917073517566, 0, 0.000402691995667833, 0, 4.00000877614625, 0, -19201142238432.9, 0
0.00048, 0, -3.46690182491617, 0, 0.00037703556300045, 0, 4.0000144543547, 0, 29712449721689, 0
0.00049, 0, 1.16136330747291, 0, 0.000343373620984924, 0, 4.00001660274897, 0, 6416173669479.51, 0
0.0005, 0, -1.70477052009268, 0, 0.000307491815443724, 0, 4.00001732980914, 0, -27457732440299.7, 0
0.00051, 0, -4.76055475409837, 0, 0.000274722590497747, 0, 4.00001609871348, 0, 3292625120064.82, 0
0.00052, 0, -1.2612017006727, 0, 0.000239385330654747, 0, 4.0000113604623, 0, 22658042749058.6, 0
0.00053, 0, -0.221066147165776, 0, 0.000198311322957298, 0, 4.00000817698397, 0, -16031524611420.5, 0
0.00054, 0, -5.11760799127939, 0, 0.000158333185985598, 0, 4.00001194281287, 0, -22584537661740.8, 0
0.00055, 0, -5.35267486360906, 0, 0.000122059030445631, 0, 4.00001485315901, 0, 20229828113207.8, 0
0.00056, 0, -0.596232963998711, 0, 8.41942999547252e-05, 0, 4.00001504091629, 0, 18450063873702.9, 0
0.00057, 0, -0.212953833980964, 0, 4.77371210689886e-05, 0, 4.00002055141221, 0, -11282165483981.8, 0
0.00058, 0, -2.11286117282097, 0, 1.83963034956411e-05, 0, 4.00001880062018, 0, -1725744826466.28, 0
0.00059, 0, 0.00785510995503521, 0, -6.39033045555143e-06, 0, 4.00001049572403, 0, 21332496909425.1, 0
0.0006, 0, 3.72154185283482, 0, -3.03518775756482e-05, 0, 4.00000568218838, 0, 9823241231908.97, 0
0.00061, 0, 1.91450688744431, 0, -5.48650763113807e-05, 0, 4.00000946912686, 0, -26922111981503.3, 0
0.00062, 0, -2.80081867407798, 0, -7.60115242279919e-05, 0, 4.00001540455113, 0, -9157059514136.08, 0
0.00063, 0, 0.249237246804367, 0, -9.55463048620492e-05, 0, 4.00002223265631, 0, 32136151746967.3, 0
0.00064, 0, 3.18765829189376, 0, -0.000122824172878661, 0, 4.00002263692701, 0, -13388473268835.3, 0
0.00065, 0, -2.84914264739374, 0, -0.000149009150592, 0, 4.00002312197526, 0, -30036895141758, 0
0.00066, 0, -2.38547826058186, 0, -0.000168822660882777, 0, 4.00001753599266, 0, 33861305065802.5, 0
0.00067, 0, 3.72561363823479, 0, -0.000196463021418391, 0, 4.00001238227085, 0, 10714596453232.3, 0
0.00068, 0, 0.176832677408329, 0, -0.000226912018667833, 0, 4.00000730186185, 0, -35079318402279.5, 0
0.00069, 0, -3.80625837139911, 0, -0.000253031529864452, 0, 4.0000158747708, 0, 61090637488.5234, 0
0.0007, 0, -1.77601470170369, 0, -0.000285092034073372, 0, 4.00001980855408, 0, 10960909994224.2, 0
0.00071, 0, -1.59566978618616, 0, -0.000321377021233722, 0, 4.00003018552507, 0, -8127248577749.89, 0
0.00072, 0, -3.94170041301154, 0, -0.000358062995464517, 0, 4.000030576455, 0, -14523717496019.1, 0
0.00073, 0, -5.89335223131615, 0, -0.000394172108655957, 0, 4.00002191028248, 0, -141208394098.521, 0
0.00074, 0, -2.62472534540648, 0, -0.000425831262957984, 0, 4.0000172098611, 0, 30471313914456.1, 0
0.00075, 0, 1.33153917722555, 0, -0.000458560161391078, 0, 4.00001233270483, 0, -735949034699.384, 0
0.00076, 0, -2.57536307318758, 0, -0.000487148452162609, 0, 4.00001957622216, 0, -25609625439726.7, 0
0.00077, 0, -2.75478927795373, 0, -0.000504896329365256, 0, 4.00002133170791, 0, 27097632914468.8, 0
0.00078, 0, 3.12776834493075, 0, -0.000524461752102718, 0, 4.00003144280473, 0, 15919334330905, 0
0.00079, 0, 0.553455402737683, 0, -0.000543898902227247, 0, 4.00002869867581, 0, -34000772409508.6, 0
0.0008, 0, -3.77683166690386, 0, -0.000553801692473335, 0, 4.00002875140063, 0, 482423097133.796, 0
0.00081, 0, 0.324831250688072, 0, -0.000561593834509727, 0, 4.0000292954991, 0, 30998747123020.5, 0
0.00082, 0, 3.65487991003391, 0, -0.000569807637154617, 0, 4.00002029191733, 0, -1705088613931.24, 0
0.00083, 0, 0.795811598384732, 0, -0.000573099578866709, 0, 4.00001830897231, 0, -18986633891386.3, 0
0.00084, 0, -0.097023695428591, 0, -0.000569998981604756, 0, 4.00001164461013, 0, 13868213819242.2, 0
0.00085, 0, 4.28888605965136, 0, -0.000566564196157108, 0, 4.00002333358592, 0, 20147662890019.9, 0
0.00086, 0, 3.83835879797129, 0, -0.000567477145026571, 0, 4.00002949164146, 0, -25787047174460.7, 0
0.00087, 0, -1.89020056150719, 0, -0.000566127227107552, 0, 4.00004338922518, 0, -20300773343438, 0
0.00088, 0, -1.60577971359154, 0, -0.00056477817847768, 0, 4.00004216869633, 0, 17954567455811.2, 0
0.00089, 0, 0.906724003193764, 0, -0.000570428239449867, 0, 4.00002936297666, 0, 135157227747.104, 0
0.0009, 0, -1.51163261262345, 0, -0.000576769871309847, 0, 4.00001966792572, 0, -18911004945908.6, 0
0.00091, 0, -3.74793992167666, 0, -0.000580887573878644, 0, 4.00001240819255, 0, -347617403941.271, 0
0.00092, 0, -1.3543510815931, 0, -0.000583848623036953, 0, 4.00002629226905, 0, 22541031215471, 0
0.00093, 0, 2.18686252842012, 0, -0.000587167386932018, 0, 4.00003379835256, 0, 5152602450458.84, 0
0.00094, 0, -0.963111717977093, 0, -0.000591311923272059, 0, 4.00003626180063, 0, -31857084357307.4, 0
0.00095, 0, -4.54257189021063, 0, -0.000588245605771645, 0, 4.00004618947024, 0, 7065327728796.08, 0
0.00096, 0, 0.781733586764755, 0, -0.000584165563075062, 0, 4.00004305776162, 0, 31015246187775.7, 0
0.00097, 0, 1.03759652813042, 0, -0.000585228578504411, 0, 4.00002654328415, 0, -30138919021343.4, 0
0.00098, 0, -4.7653676189138, 0, -0.000575992220573422, 0, 4.00001330540042, 0, -9419233363852.68, 0
0.00099, 0, -0.246953737971932, 0, -0.000559578317502278, 0, 4.00002886681773, 0, 43610597719380.2, 0
0.001, 0, 4.84100869805081, 0, -0.000545479935106806, 0, 4.00004040614895, 0, -284575782314.301, 0
0.00101, 0, 1.79398437817793, 0, -0.000522662701981844, 0, 4.00004989110675, 0, -17329565533123.2, 0
0.00102, 0, 1.45116609575803, 0, -0.00049247700582144, 0, 4.00005370456486, 0, 12312337773558.9, 0
0.00103, 0, 4.13683609559436, 0, -0.000462263322286804, 0, 4.00003938874124, 0, 10405274423221.1, 0
0.00104, 0, 4.53058435915908, 0, -0.000431152448178724, 0, 4.00003052996824, 0, -7292266490607.29, 0
0.00105, 0, 1.33883250816276, 0, -0.000401072857015963, 0, 4.00001532503497, 0, -22834324341865.1, 0
0.00106, 0, -1.2224135055053, 0, -0.000368814046269046, 0, 4.00003268231665, 0, 4238824357201.41, 0
0.00107, 0, 2.77139657715415, 0, -0.000337034231835619, 0, 4.00003736090253, 0, 26277440950600.8, 0
0.00108, 0, 3.80228030611012, 0, -0.000311417862706159, 0, 4.00003975023487, 0, -20333643572645.7, 0
0.00109, 0, -1.43090546902313, 0, -0.000282259782107311, 0, 4.00003741475263, 0, -17251989667531.1, 0
0.0011, 0, 0.529184664413761, 0, -0.000250422125026284, 0, 4.00003775238576, 0, 31276815600440.1, 0
0.00111, 0, 4.51670419053372, 0, -0.000226747953658567, 0, 4.00002913065788, 0, -3218383321937.11, 0
0.00112, 0, -0.615466073782234, 0, -0.000205175458082802, 0, 4.00001706864054, 0, -37282817403128.2, 0
0.00113, 0, -4.25652758703024, 0, -0.000180722032096655, 0, 4.00003085767053, 0, 5762098435926.76, 0
0.00114, 0, -0.369094653563332, 0, -0.00016026695089543, 0, 4.00003584020115, 0, 22290533178943.2, 0
0.00115, 0, 0.498996247432166, 0, -0.000143983628147614, 0, 4.00004813071182, 0, -14856387192978.4, 0
0.00116, 0, -3.28117998298534, 0, -0.000123528992034396, 0, 4.00004062559619, 0, -12953586219498.8, 0
0.00117, 0, -1.69579855838133, 0, -9.71915237528065e-05, 0, 4.00003453984057, 0, 27846587502929, 0
0.00118, 0, 3.69781402599152, 0, -7.09087042423858e-05, 0, 4.00002280867343, 0, 16752968824955.3, 0
0.00119, 0, 2.84197414004483, 0, -4.28230856240013e-05, 0, 4.00002343582158, 0, -20861699866358, 0
0.0012, 0, -0.392295576883777, 0, -7.91570359441746e-06, 0, 4.00003149926564, 0, -3978047407171, 0
0.00121, 0, 1.76661768879788, 0, 2.89208052160432e-05, 0, 4.00003794383555, 0, 20043101761028.3, 0
0.00122, 0, 4.06500073609552, 0, 6.37180768536081e-05, 0, 4.00004117307513, 0, -1501062907513.4, 0
0.00123, 0, 1.45072006387729, 0, 9.96512073382002e-05, 0, 4.00003792247802, 0, -19680097358844.5, 0
0.00124, 0, -0.437809339460377, 0, 0.000139422739612633, 0, 4.00003308076277, 0, 6013021789505.46, 0
0.00125, 0, 3.63784480833601, 0, 0.000180526587323615, 0, 4.00002193365498, 0, 28869397179439.3, 0
0.00126, 0, 6.35865842168243, 0, 0.000217936384955418, 0, 4.00002310986921, 0, -8380805245068.84, 0
0.00127, 0, 1.5728409499633, 0, 0.000255731015696963, 0, 4.00003621189128, 0, -28166604809588.6, 0
0.00128, 0, 0.613443297158336, 0, 0.000296796741686096, 0, 4.0000511826609, 0, 21119438449542.9, 0
0.00129, 0, 5.31517858411121, 0, 0.000329426443322546, 0, 4.00004689894909, 0, 9792737813068.57, 0
0.0013, 0, 1.25851585831214, 0, 0.000353600008449579, 0, 4.00003097781693, 0, -43594397436682.4, 0
0.00131, 0, -4.48595593739489, 0, 0.000379992362147873, 0, 4.00002778692518, 0, -2229296732997.67, 0
0.00132, 0, -0.372291952287754, 0, 0.000401035463978141, 0, 4.00002088834524, 0, 29370808350114.2, 0
0.00133, 0, 1.33192464794638, 0, 0.00041336805921808, 0, 4.00003532428743, 0, -14270340726479.9, 0
0.00134, 0, -2.44448354480034, 0, 0.000428115300045906, 0, 4.00001758157492, 0, -12916758091541.7, 0
0.00135, 0, -1.76161724889956, 0, 0.000443758097591774, 0, 4.00002714718337, 0, 16173734635739.4, 0
0.00136, 0, 1.22768063223028, 0, 0.000456178964226799, 0, 4.00003294652076, 0, 10200654123736.7, 0
0.00137, 0, 1.30523509425463, 0, 0.000467656869297123, 0, 4.00004880758829, 0, -10018583494047.1, 0
0.00138, 0, -2.02432874128312, 0, 0.000478337392362206, 0, 4.00004522538866, 0, -19413598928640.3, 0
0.00139, 0, -3.01987626200178, 0, 0.000491570958376272, 0, 4.00003626233997, 0, 14590857713038.1, 0
0.0014, 0, 1.84688438857902, 0, 0.000503906905467487, 0, 4.000021105679, 0, 22612579249246.6, 0
0.00141, 0, 1.42383831072389, 0, 0.000512675041233679, 0, 4.00002023634838, 0, -25843408965369.9, 0
0.00142, 0, -2.59224270414443, 0, 0.000529521629284274, 0, 4.00002448430044, 0, 977886769882.789, 0
0.00143, 0, 2.93835716192968, 0, 0.000550351087506782, 0, 4.00003738682857, 0, 42664336833230.1, 0
0.00144, 0, 6.67334468881562, 0, 0.000564931895800647, 0, 4.00004347487463, 0, -12705539337380.1, 0
0.00145, 0, 1.06380965747279, 0, 0.000583064610193866, 0, 4.00003122860382, 0, -28001944009040.5, 0
0.00146, 0, 0.335904036850312, 0, 0.000603753364058949, 0, 4.0000341447457, 0, 18446380607655.4, 0
0.00147, 0, 3.86110175029639, 0, 0.00061605764187078, 0, 4.00002116780852, 0, 6668268635190.08, 0
0.00148, 0, 1.5709722681309, 0, 0.000623297499392371, 0, 4.00002380483594, 0, -25358433238523.4, 0
0.00149, 0, -2.48829455707202, 0, 0.000629372989500416, 0, 4.00002860806757, 0, -9275786193288.32, 0
0.0015, 0, -0.945082068872929, 0, 0.000632591093219579, 0, 4.00003499058697, 0, 21749179037077.7, 0
0.00151, 0, 2.59195929809453, 0, 0.000629684651917496, 0, 4.00003113501917, 0, 5894577631657.31, 0
0.00152, 0, 0.137716563850486, 0, 0.00062200635590424, 0, 4.00003513816976, 0, -25701504915458.3, 0
0.00153, 0, -3.16219600828255, 0, 0.000615117633679034, 0, 4.00002692732691, 0, -397394817300.318, 0
0.00154, 0, -0.472884232459248, 0, 0.000603682433415512, 0, 4.00002435385137, 0, 18596066665531.7, 0
0.00155, 0, 0.165067506689112, 0, 0.000583846314424833, 0, 4.00002980428841, 0, -15449949647409.3, 0
0.00156, 0, -4.46494199769243, 0, 0.000562522246956209, 0, 4.00003238940554, 0, -23008421993058.9, 0
0.00157, 0, -5.61982085646845, 0, 0.000541406777287583, 0, 4.00004143999037, 0, 13246738576296.4, 0
0.00158, 0, -1.09802790633827, 0, 0.000518157571348946, 0, 4.0000341896338, 0, 24462391442510.4, 0
0.00159, 0, 0.25249671865811, 0, 0.000492809624600421, 0, 4.00003004670259, 0, -13528732038103.2, 0
0.0016, 0, -3.54832665344035, 0, 0.000472067679272121, 0, 4.00002080992233, 0, -11751378018929, 0
0.00161, 0, -0.677186330998319, 0, 0.000458206742361315, 0, 4.00002463145469, 0, 37777235668947.3, 0
0.00162, 0, 4.76893709436014, 0, 0.000439756321713394, 0, 4.0000306863503, 0, 2232091702536.7, 0
0.00163, 0, -0.289101465123704, 0, 0.000421171251018365, 0, 4.00002334953719, 0, -38863235313055.2, 0
0.00164, 0, -3.0115379140916, 0, 0.000410475528504771, 0, 4.00002845476292, 0, 17139871287082.9, 0
0.00165, 0, 2.28841862799621, 0, 0.00039432053994113, 0, 4.00001927352316, 0, 20050408570329.6, 0
0.00166, 0, 1.52030917527308, 0, 0.000374452489677641, 0, 4.00001547671226, 0, -21705941217301.7, 0
0.00167, 0, -1.49772144872441, 0, 0.000359628428143896, 0, 4.00002195348942, 0, -2312378414451.62, 0
0.00168, 0, 0.192884726599262, 0, 0.00034293118769732, 0, 4.00003147051227, 0, 14364023949751.8, 0
0.00169, 0, 2.59679057251659, 0, 0.00032442594189545, 0, 4.00003518259591, 0, 9058877238177.86, 0
0.0017, 0, 2.45407662845349, 0, 0.000302804418449658, 0, 4.00002581691481, 0, -14392617977903, 0
0.00171, 0, -2.21060029262228, 0, 0.000277228857183959, 0, 4.00002585480398, 0, -24539091683367.4, 0
0.00172, 0, -2.85537320952923, 0, 0.000251998614100428, 0, 4.00002188760453, 0, 19723489512748.2, 0
0.00173, 0, 0.879953534618071, 0, 0.00021700969036782, 0, 4.00001529299485, 0, 1962317443061.64, 0
0.00174, 0, -4.04615753571989, 0, 0.000175292716780846, 0, 4.00002035640718, 0, -40736761150557.9, 0
0.00175, 0, -7.36092654508895, 0, 0.000139435835525467, 0, 4.000033680107, 0, 16776458713599.1, 0
0.00176, 0, -0.739937854925001, 0, 9.90260277680857e-05, 0, 4.00003363811164, 0, 32112100043566, 0
0.00177, 0, -0.168077265446661, 0, 5.40380178026097e-05, 0, 4.00003336890163, 0, -23725870916697.8, 0
0.00178, 0, -4.66249629191205, 0, 1.62051834285241e-05, 0, 4.00002817565363, 0, -9413100240982.25, 0
0.00179, 0, -2.55019023283222, 0, -1.9720290429461e-05, 0, 4.00002314679847, 0, 24120912231899.9, 0
0.0018, 0, 0.706865574100326, 0, -5.80594216236887e-05, 0, 4.00001869080845, 0, 2860549831483.53, 0
0.00181, 0, -1.68546674451845, 0, -9.5331645554353e-05, 0, 4.00002750262864, 0, -22426516488165.7, 0
0.00182, 0, -4.64082903545485, 0, -0.000127985725967768, 0, 4.00003360772284, 0, -659659228839.117, 0
0.00183, 0, -1.34258004869072, 0, -0.000156950653982966, 0, 4.00003758643482, 0, 28615394031431.7, 0
0.00184, 0, 2.27618326016268, 0, -0.000186647989455548, 0, 4.00004111343579, 0, 1337959214557.54, 0
0.00185, 0, -0.201240621166172, 0, -0.000211546765175584, 0, 4.00003111989325, 0, -17056906301655.5, 0
0.00186, 0, -0.534875081311846, 0, -0.000228852692010766, 0, 4.000024084368, 0, 16279798334824.9, 0
0.00187, 0, 3.69052476813988, 0, -0.000246588030197452, 0, 4.00002040490286, 0, 17362870519439.5, 0
0.00188, 0, 3.4608234434173, 0, -0.000266151225113074, 0, 4.00003061782795, 0, -19799290399429.6, 0
0.00189, 0, -1.48806569064556, 0, -0.000284803913827983, 0, 4.00004300152693, 0, -22389110977323.3, 0
0.0019, 0, -2.29648210855341, 0, -0.000303027743542749, 0, 4.00004306364381, 0, 15120581496863.7, 0
0.00191, 0, 1.54291128097389, 0, -0.000325886931845083, 0, 4.00003578200438, 0, 12392631772820.3, 0
0.00192, 0, -0.590609396152706, 0, -0.000354143439432593, 0, 4.00003973524519, 0, -31294241261665, 0
0.00193, 0, -5.1131794359893, 0, -0.000377652424912992, 0, 4.00002546398281, 0, -811443779648.219, 0
0.00194, 0, -0.264542740619995, 0, -0.000400453927686211, 0, 4.00001456010745, 0, 37157224400703.4, 0
0.00195, 0, 2.26965175805358, 0, -0.000431093266954589, 0, 4.00003202375313, 0, -18758288103991.3, 0
0.00196, 0, -3.96033392492907, 0, -0.000458112432764762, 0, 4.0000488871319, 0, -27393855431717.4, 0
0.00197, 0, -4.03382331361561, 0, -0.000481548011305196, 0, 4.00005100987157, 0, 22358801145291.5, 0
0.00198, 0, -0.45283285192239, 0, -0.000511143286985925, 0, 4.00004429156928, 0, 3676946216554.95, 0
0.00199, 0, -2.78293244540946, 0, -0.000539616479600963, 0, 4.0000411107097, 0, -19565499157196.6, 0
0.002, 0, -4.84408233293884, 0, -0.000562911726640436, 0, 4.00002919534436, 0, 1338032768434.61, 0
0.00201, 0, -2.53628659475982, 0, -0.000582718669318374, 0, 4.00001444118634, 0, 20397201362764.4, 0
0.00202, 0, 1.55752116843751, 0, -0.000597824728229796, 0, 4.00002423865569, 0, 16743110018346.9, 0
0.00203, 0, 1.75864871772715, 0, -0.000609594432700264, 0, 4.00004444179237, 0, -15436967307026.9, 0
0.00204, 0, -1.40465179661044, 0, -0.000613255591739311, 0, 4.00003965882508, 0, -5085686515128.11, 0
0.00205, 0, 1.89335654342154, 0, -0.000610294458122423, 0, 4.00004614498719, 0, 32005166175989.4, 0
0.00206, 0, 4.93273231426102, 0, -0.000611084488325112, 0, 4.00003461872483, 0, -12096850096763.6, 0
0.00207, 0, -1.14249086389576, 0, -0.000608534428894838, 0, 4.00003556760512, 0, -33295283611369.8, 0
0.00208, 0, -1.81833710863028, 0, -0.000598082099197435, 0, 4.00001697859116, 0, 27840863835613.4, 0
0.00209, 0, 4.31026334547993, 0, -0.000591759018966869, 0, 4.00002384892183, 0, 17772093818462.8, 0
0.0021, 0, 2.39648685510439, 0, -0.000586382946815601, 0, 4.00004271058923, 0, -29113549035754.9, 0
0.00211, 0, -1.21555839610844, 0, -0.000573671912597865, 0, 4.00005991716796, 0, 1449626755727.15, 0
0.00212, 0, 2.20759538764774, 0, -0.000561653710209378, 0, 4.00005490059837, 0, 23242090100933.9, 0
0.00213, 0, 3.74662878307496, 0, -0.000554469271772446, 0, 4.00004347844757, 0, -11053637227435.7, 0
0.00214, 0, -0.649925037320574, 0, -0.000547784186044641, 0, 4.00003299561724, 0, -26737214721023.7, 0
0.00215, 0, -3.56481929467745, 0, -0.000541117973102062, 0, 4.00001768652709, 0, 254995545113.216, 0
0.00216, 0, -1.2301586209682, 0, -0.000537167035122517, 0, 4.00003454505233, 0, 17052223796354.9, 0
0.00217, 0, -0.122660555851397, 0, -0.000536941773781483, 0, 4.0000303637484, 0, -9768305233893.81, 0
0.00218, 0, -3.55084613364391, 0, -0.000534493932767161, 0, 4.00004658798166, 0, -15907439291090.2, 0
0.00219, 0, -2.91875673176007, 0, -0.000525903914021393, 0, 4.00004727435889, 0, 23589552104586.3, 0
0.0022, 0, 2.35260826236097, 0, -0.000516941764571647, 0, 4.00004717894475, 0, 19019557606580.3, 0
0.00221, 0, 1.71129991372391, 0, -0.000507175186820719, 0, 4.00004559976262, 0, -22750274656895.1, 0
0.00222, 0, -2.36159208536143, 0, -0.000490020108034657, 0, 4.00004444846816, 0, -8281174633092.14, 0
0.00223, 0, 0.0208318510593643, 0, -0.000468643149074786, 0, 4.00003095760571, 0, 27071783852326, 0
0.00224, 0, 3.55775699621919, 0, -0.000449028057501644, 0, 4.00001625013826, 0, -255625061403.229, 0
0.00225, 0, -0.156837386561306, 0, -0.000426468251976409, 0, 4.00002531120251, 0, -27806878408941, 0
0.00226, 0, -1.77542074159641, 0, -0.000394770135265805, 0, 4.00004989148781, 0, 18748859510932.5, 0
0.00227, 0, 4.76748017094606, 0, -0.00036101730671803, 0, 4.00006185483283, 0, 33142254785528.6, 0
0.00228, 0, 5.85513274706813, 0, -0.000328896602182419, 0, 4.00005485918904, 0, -22279624052640, 0
0.00229, 0, 1.00806066208663, 0, -0.000289147014876703, 0, 4.00003989507595, 0, -12280110284218.7, 0
0.0023, 0, 3.06593356755451, 0, -0.000246687932179084, 0, 4.00002682461144, 0, 24788442045366.4, 0
0.00231, 0, 5.40279674386556, 0, -0.000211232520115695, 0, 4.00001177734466, 0, -8005122407173.81, 0
0.00232, 0, 1.29399593791421, 0, -0.00017663716402629, 0, 4.00001987951993, 0, -24978155403784.2, 0
0.00233, 0, -1.41455589426145, 0, -0.000142637664976431, 0, 4.00003497823614, 0, -1961646253306.96, 0
0.00234, 0, -0.121314808753151, 0, -0.00011261768095476, 0, 4.00004940252239, 0, 12974378699396.3, 0
0.00235, 0, 2.1527281369059, 0, -8.51399157817542e-05, 0, 4.00006038786855, 0, 5150860839587.14, 0
0.00236, 0, 0.227535487959315, 0, -6.09846984008569e-05, 0, 4.0000546545722, 0, -23141530253822.9, 0
0.00237, 0, -2.74828440160152, 0, -3.36809072743358e-05, 0, 4.00003458003436, 0, 4176940414989.98, 0
0.00238, 0, 2.04115044818957, 0, -6.12407434398181e-06, 0, 4.00001869979449, 0, 31691926392975.8, 0
0.00239, 0, 2.83083841621704, 0, 1.27214481547723e-05, 0, 4.00001849902727, 0, -29622180076493.3, 0
0.0024, 0, -4.48349375113181, 0, 3.55015179616099e-05, 0, 4.00003629920239, 0, -24414260530793.8, 0
0.00241, 0, -2.39205396744477, 0, 6.22908605237389e-05, 0, 4.0000418572147, 0, 37299997995651.7, 0
0.00242, 0, 2.50206095620067, 0, 8.12319376872549e-05, 0, 4.00004479648269, 0, -158771046403.643, 0
0.00243, 0, -1.24613746820817, 0, 0.000104246568096781, 0, 4.00005368164045, 0, -23087937705747.6, 0
0.00244, 0, -1.58356217812565, 0, 0.000135565337045753, 0, 4.00004007701221, 0, 20565366656098.7, 0
0.00245, 0, 3.49108580174386, 0, 0.000166929424840271, 0, 4.00002602346654, 0, 22364257365895.7, 0
0.00246, 0, 5.02074156724759, 0, 0.000200574525182607, 0, 4.00001787360775, 0, -6145359391624.63, 0
0.00247, 0, 2.32357707054269, 0, 0.000237049049062977, 0, 4.00002897409221, 0, -16888812257077.9, 0
0.00248, 0, 0.941616376786109, 0, 0.000276112320679289, 0, 4.00004096026646, 0, 6946669867380.12, 0
0.00249, 0, 4.09452301648532, 0, 0.000313879311927796, 0, 4.0000463380139, 0, 16474052017240.9, 0
0.0025, 0, 3.66706055533017, 0, 0.000345607793973369, 0, 4.00004508737712, 0, -22696615519546.1, 0
0.00251, 0, -1.13893262542692, 0, 0.000379157336427976, 0, 4.0000538261033, 0, -13611332655474.3, 0
0.00252, 0, 0.874191841274661, 0, 0.00041349914916485, 0, 4.00003282132346, 0, 28852255057067.4, 0
0.00253, 0, 5.07905803207914, 0, 0.000440728285399772, 0, 4.00001848561104, 0, 4223070053836.76, 0
0.00254, 0, 2.07811433727686, 0, 0.000465649120876389, 0, 4.00003307016188, 0, -27325324306320.6, 0
0.00255, 0, -1.32934634693546, 0, 0.00049090309599453, 0, 4.00004398903017, 0, -1175414685154.47, 0
0.00256, 0, 1.29209849444995, 0, 0.000511310174594291, 0, 4.00004549955623, 0, 19914054749035, 0
0.00257, 0, 2.10576351029569, 0, 0.000522507549945359, 0, 4.00005300199718, 0, -18246887902326.2, 0
0.00258, 0, -4.03972219595334, 0, 0.000529782461847036, 0, 4.00005842961561, 0, -31574894981577.8, 0
0.00259, 0, -4.86808880505023, 0, 0.000538988240669871, 0, 4.00003412713171, 0, 25323590558619.9, 0
0.0026, 0, 1.05921210462131, 0, 0.000541327589432801, 0, 4.00002792345567, 0, 18390799804320.3, 0
0.00261, 0, -0.715033939312417, 0, 0.000540066419532338, 0, 4.00002760243749, 0, -28195690419573, 0
0.00262, 0, -3.62737772016702, 0, 0.000546812409087164, 0, 4.00004792602931, 0, 8420506316732.92, 0
0.00263, 0, 1.03665616075193, 0, 0.000552737432420596, 0, 4.00003879121387, 0, 26525388802040.5, 0
0.00264, 0, 2.70915052008443, 0, 0.000555825999349135, 0, 4.00003668270241, 0, -9259970770507.46, 0
0.00265, 0, -0.165945527225708, 0, 0.000562347807441781, 0, 4.00004259272858, 0, -14376892344499.2, 0
0.00266, 0, -1.62464419566746, 0, 0.000568926061741359, 0, 4.0000341999677, 0, 384481637071.319, 0
0.00267, 0, 0.392927782412269, 0, 0.000576329775223936, 0, 4.00004595428025, 0, 19407080839045.5, 0
0.00268, 0, 3.20996139605273, 0, 0.000581729105273083, 0, 4.00004122484789, 0, 692429763627.407, 0
0.00269, 0, -0.0321590038193347, 0, 0.000586280802494187, 0, 4.00003406833338, 0, -24483624153893.8, 0
0.0027, 0, -0.576720507888418, 0, 0.000598085331503535, 0, 4.00003670401645, 0, 25962440885515.3, 0
0.00271, 0, 6.12097200365865, 0, 0.000605728960292279, 0, 4.00003383859263, 0, 23168813396543.3, 0
0.00272, 0, 3.71925000984776, 0, 0.000606401379229096, 0, 4.0000395291675, 0, -41504515265124.3, 0
0.00273, 0, -2.40698347235368, 0, 0.00061180311451143, 0, 4.00003789227374, 0, -5724727597527.98, 0
0.00274, 0, 1.17944581299669, 0, 0.000611262496748356, 0, 4.00005197835746, 0, 26604288161341.2, 0
0.00275, 0, 1.90263581709697, 0, 0.00059886391223958, 0, 4.00004800612138, 0, -22309324877706.8, 0
0.00276, 0, -3.69891528895058, 0, 0.000585397539459906, 0, 4.00004680856156, 0, -22257450947345.6, 0
0.00277, 0, -4.01675086957974, 0, 0.000569698675560045, 0, 4.00005293961836, 0, 16222904022655.5, 0
0.00278, 0, -0.33404122889979, 0, 0.000548231220054901, 0, 4.0000424231428, 0, 14706930096957.5, 0
0.00279, 0, -0.0203618851474259, 0, 0.000523330727783458, 0, 4.00004268177781, 0, -11603401074891.1, 0
0.0028, 0, -3.21508097021463, 0, 0.000497986983212584, 0, 4.00003739151109, 0, -14448457657963, 0
0.00281, 0, -3.17316478375374, 0, 0.00047354591500641, 0, 4.00003332668501, 0, 15673672745800.1, 0
0.00282, 0, 0.175667670762468, 0, 0.000444643203353183, 0, 4.00005258036317, 0, 8509715014611, 0
0.00283, 0, -2.02916478279767, 0, 0.000412009443463615, 0, 4.00005746595765, 0, -27284138977981.8, 0
0.00284, 0, -5.89807827263641, 0, 0.000383441865602548, 0, 4.00006957830378, 0, -1911934725728.74, 0
0.00285, 0, -2.09624424353687, 0, 0.000356510730330011, 0, 4.00005079569593, 0, 32768584219036.1, 0
0.00286, 0, 1.90210897788822, 0, 0.000327333010059702, 0, 4.00004428610001, 0, 793647129894.674, 0
0.00287, 0, -1.00092291655365, 0, 0.00030215146489674, 0, 4.00003016993124, 0, -20139262315229.9, 0
0.00288, 0, -1.50092196355801, 0, 0.000284511907258225, 0, 4.00004480750122, 0, 19417767862722.5, 0
0.00289, 0, 3.95622166032116, 0, 0.000266590240538324, 0, 4.00005771785451, 0, 23633804151749.9, 0
0.0029, 0, 3.50763876547156, 0, 0.000244764566576782, 0, 4.00004154753414, 0, -28225332836431.6, 0
0.00291, 0, -2.42783933958234, 0, 0.000226453910782039, 0, 4.00005085599537, 0, -18043052119844.1, 0
0.00292, 0, -0.842501778404643, 0, 0.000208730235126507, 0, 4.00004669992056, 0, 27564542981087.2, 0
0.00293, 0, 2.63375875363309, 0, 0.000182764832061925, 0, 4.00004172738753, 0, -2652268593556.83, 0
0.00294, 0, -1.34057422372801, 0, 0.00015556335584342, 0, 4.00005370631887, 0, -26424590551151.2, 0
0.00295, 0, -2.95220690735697, 0, 0.00013139863958962, 0, 4.00003874148408, 0, 12798828615429.9, 0
0.00296, 0, 0.99499945594592, 0, 0.000102726970199129, 0, 4.00004145674094, 0, 17514081471020, 0
0.00297, 0, 1.32193431137465, 0, 6.98349778221649e-05, 0, 4.00003464023825, 0, -13526292938585.6, 0
0.00298, 0, -2.38432414838159, 0, 3.58995437942442e-05, 0, 4.00004973996312, 0, -19469175546328.7, 0
0.00299, 0, -4.33232786505918, 0, 3.44413675029237e-09, 0, 4.00006416196897, 0, 1869810856890.93, 0
0.003, 0, -2.1181607186034, 0, -3.92419026432475e-05, 0, 4.00004839706211, 0, 14942349719630.1, 0
0.00301, 0, -1.8950761622355, 0, -8.40941203986239e-05, 0, 4.00004593305107, 0, -17617138719673.4, 0
0.00302, 0, -6.72646392582409, 0, -0.000127584456125168, 0, 4.00005127533709, 0, -18355600902493.5, 0
0.00303, 0, -4.67742138997742, 0, -0.000164678158798696, 0, 4.00005144595784, 0, 37990344793464.1, 0
0.00304, 0, 1.92443377187364, 0, -0.000204714174357247, 0, 4.00006054268376, 0, 12543030337112.9, 0
0.00305, 0, -1.43835453668001, 0, -0.000242699193891146, 0, 4.00003844557991, 0, -33785163434784.6, 0
0.00306, 0, -3.83529929105885, 0, -0.0002689263875434, 0, 4.00002948863758, 0, 17980727020138.9, 0
0.00307, 0, 2.15066059461353, 0, -0.000295737812565077, 0, 4.00004083850565, 0, 25464157580180.5, 0
0.00308, 0, 1.59918261887004, 0, -0.000324770722472142, 0, 4.00006367361135, 0, -27180248089560.9, 0
0.00309, 0, -3.0685509451098, 0, -0.000345838176329267, 0, 4.00005150763358, 0, -9187599802045.75, 0
0.0031, 0, -1.18508142148097, 0, -0.00036454589633579, 0, 4.00005430976691, 0, 21735186684106, 0
0.00311, 0, 2.21577366458172, 0, -0.000383644665859526, 0, 4.0000582485359, 0, 9330915051948.34, 0
0.00312, 0, 2.01766282839338, 0, -0.000399764221608957, 0, 4.00004076721785, 0, -10081794970637.3, 0
0.00313, 0, -0.267098115735585, 0, -0.000412880558780507, 0, 4.00004194695307, 0, -7737971208427.8, 0
0.00314, 0, 0.990109578132796, 0, -0.000422582713330006, 0, 4.0000436509693, 0, 20320205859009.2, 0
0.00315, 0, 4.19154639727179, 0, -0.00043597225039841, 0, 4.00006063547625, 0, 1047441808614.84, 0
0.00316, 0, -0.130322625614533, 0, -0.000453598829477969, 0, 4.00005645807532, 0, -37644366726373.7, 0
0.00317, 0, -4.53274788518314, 0, -0.000467860543480554, 0, 4.00006287002561, 0, 2138185418425.84, 0
0.00318, 0, -0.628005969878045, 0, -0.000486362254131477, 0, 4.00004589621967, 0, 23898451186376.9, 0
0.00319, 0, -0.176969569138635, 0, -0.000511725735239243, 0, 4.00003548212346, 0, -20910878609624.7, 0
0.0032, 0, -4.94104361908302, 0, -0.000533082079566919, 0, 4.00002488315395, 0, -15006576005045.6, 0
0.00321, 0, -3.31559090004616, 0, -0.000550987633492528, 0, 4.00004912861302, 0, 28188633805134.4, 0
0.00322, 0, 1.66211553672855, 0, -0.000571076712137533, 0, 4.00005336900469, 0, 12034878425652.4, 0
0.00323, 0, -0.419832246354179, 0, -0.000590708212027554, 0, 4.00004517005033, 0, -28280224517345.1, 0
0.00324, 0, -4.57478952930608, 0, -0.000604083143925533, 0, 4.00005756216425, 0, -3610865925708.67, 0
0.00325, 0, -1.22245034538147, 0, -0.000614548097814327, 0, 4.00004584309853, 0, 28502289771919.4, 0
0.00326, 0, 1.18521330581028, 0, -0.000628075440018708, 0, 4.00002296886024, 0, -10505239659331, 0
0.00327, 0, -3.01800314254212, 0, -0.000635724165976147, 0, 4.00003061929126, 0, -18897571782701.1, 0
0.00328, 0, -2.26618710633387, 0, -0.000634385159043549, 0, 4.00004874919941, 0, 25405537227379.7, 0
0.00329, 0, 2.93423429994087, 0, -0.000631836687078823, 0, 4.00005696978812, 0, 18442110452168, 0
0.0033, 0, 3.52029970086227, 0, -0.000624324246999918, 0, 4.00005214431233, 0, -8725331265718.75, 0
0.00331, 0, 1.5239006023457, 0, -0.000610154959967034, 0, 4.00005461213021, 0, -8164165278903.32, 0
0.00332, 0, 1.55623298157112, 0, -0.000592404234351441, 0, 4.0000436121032, 0, 10397978925099.3, 0
0.00333, 0, 4.54810109598911, 0, -0.000573560693071958, 0, 4.00002859427946, 0, 12515067522696.4, 0
0.00334, 0, 2.93686487992942, 0, -0.000559039229065462, 0, 4.00002285674607, 0, -30951720037260.1, 0
0.00335, 0, -2.9858058916696, 0, -0.000541308936117314, 0, 4.00004156916111, 0, -13079808371008.3, 0
0.00336, 0, 0.652148943440794, 0, -0.000520636306277577, 0, 4.00006255822654, 0, 40029391041935, 0
0.00337, 0, 4.57830761125065, 0, -0.000509114142439541, 0, 4.0000673690289, 0, -12695244965639.3, 0
0.00338, 0, -1.63972455043966, 0, -0.00049465999641189, 0, 4.00004883568006, 0, -30561485443467.9, 0
0.00339, 0, -1.36863321497953, 0, -0.000473930900377567, 0, 4.00005630254533, 0, 30288165948523.1, 0
0.0034, 0, 3.59705057112975, 0, -0.000461497395630407, 0, 4.00002924429031, 0, 5322718639273.07, 0
0.00341, 0, 0.0599587837858036, 0, -0.000450303143551661, 0, 4.00002624278668, 0, -30649988974411.3, 0
0.00342, 0, -3.62730804648575, 0, -0.000436062783753804, 0, 4.00004725991461, 0, -3559247689539.72, 0
0.00343, 0, -2.31275958661063, 0, -0.00042461292276989, 0, 4.00007294235107, 0, 12351736313729.8, 0
0.00344, 0, -0.248657254410376, 0, -0.000413141663931485, 0, 4.00006252303039, 0, 6362697158492.66, 0
0.00345, 0, -0.902569307999806, 0, -0.000400847710752318, 0, 4.00006108991184, 0, -13083253382032.5, 0
0.00346, 0, -2.87527967423049, 0, -0.000382477885176008, 0, 4.00006090677021, 0, 2321116826717.72, 0
0.00347, 0, 1.41067146041683, 0, -0.000357113629617673, 0, 4.00004531546214, 0, 35119184295575.6, 0
0.00348, 0, 5.23220977602599, 0, -0.000333053587237456, 0, 4.00002760032879, 0, -5584285541982.58, 0
0.00349, 0, 0.604130929174202, 0, -0.000303655823024951, 0, 4.00003698097673, 0, -27507940772440, 0
0.0035, 0, -0.239692935291354, 0, -0.000266277381214436, 0, 4.00006761470152, 0, 20577581494288.8, 0
0.00351, 0, 4.57791920378958, 0, -0.000231615363583795, 0, 4.00005291545166, 0, 15280845006211.3, 0
0.00352, 0, 3.10969474870637, 0, -0.000197805674902129, 0, 4.00006157650667, 0, -25782878530806.7, 0
0.00353, 0, -0.911517260498343, 0, -0.000158397531676175, 0, 4.00005827147869, 0, -5156711904144.37, 0
0.00354, 0, 2.24757674272562, 0, -0.000116458462285372, 0, 4.00004614128494, 0, 31350991437489.1, 0
0.00355, 0, 6.46953736774856, 0, -7.78549825819344e-05, 0, 4.00005693777744, 0, 2181122146753.47, 0
0.00356, 0, 2.81137398691892, 0, -3.98089981558669e-05, 0, 4.00006091169245, 0, -30101187161929, 0
0.00357, 0, 0.0420050753930564, 0, 2.35857510620127e-06, 0, 4.00005474575549, 0, 8310482283153.26, 0
0.00358, 0, 3.82886822954947, 0, 3.91403252833764e-05, 0, 4.00005782428846, 0, 16675142794260.2, 0
0.00359, 0, 2.52600274644198, 0, 6.74459901697932e-05, 0, 4.00002950791998, 0, -28897684329910.5, 0
0.0036, 0, -3.00524809301187, 0, 9.61789134176286e-05, 0, 4.00002509493218, 0, -16582632143403.5, 0
0.00361, 0, -2.3860766614779, 0, 0.000122239083739378, 0, 4.00006017209089, 0, 17533733088053.5, 0
0.00362, 0, 0.626551795684758, 0, 0.000143062314780705, 0, 4.00005752276605, 0, 8304337632095.58, 0
0.00363, 0, 0.215207570637748, 0, 0.000163203720567555, 0, 4.00005775533101, 0, -11030092410292, 0
0.00364, 0, -2.12925052041836, 0, 0.000184542368151895, 0, 4.00005546008582, 0, -7470892106873.31, 0
0.00365, 0, -0.627607172610683, 0, 0.000209048992705954, 0, 4.00004991335157, 0, 23297805599730.5, 0
0.00366, 0, 3.52519547347997, 0, 0.000231023939201547, 0, 4.00004825922014, 0, 6883650450163.21, 0
0.00367, 0, -0.113128721421918, 0, 0.000250377779783556, 0, 4.00003206608069, 0, -36518740350422.6, 0
0.00368, 0, -3.94234253447315, 0, 0.000277203827607207, 0, 4.00003169415602, 0, 9793998173182.91, 0
0.00369, 0, 2.13700281391378, 0, 0.000303300132353591, 0, 4.00005020018744, 0, 34791258170036, 0
0.0037, 0, 3.18379316934644, 0, 0.000324336853071702, 0, 4.00005827559348, 0, -24807148886824.3, 0
0.00371, 0, -1.7149276463935, 0, 0.000354273018158975, 0, 4.00007273779622, 0, -7636749271628.79, 0
0.00372, 0, 2.23626221887288, 0, 0.000388684378992413, 0, 4.00005734684928, 0, 37770664822843.2, 0
0.00373, 0, 6.6949343705686, 0, 0.000418582530980384, 0, 4.00003488879665, 0, -248841086423.279, 0
0.00374, 0, 3.40001254609307, 0, 0.000450591737130783, 0, 4.00002795994948, 0, -23242140196788, 0
0.00375, 0, 0.9664062006319, 0, 0.000483778279781228, 0, 4.00004688768998, 0, -340275795263.58, 0
0.00376, 0, 2.2485640192926, 0, 0.00051230147271116, 0, 4.00004676827455, 0, 9363087715604.25, 0
0.00377, 0, 2.9456200352338, 0, 0.000535236260490244, 0, 4.00006662287102, 0, -5673939251337.18, 0
0.00378, 0, -0.217041131124812, 0, 0.000553120253092544, 0, 4.00005831747793, 0, -23175693748012.7, 0
0.00379, 0, -2.6465344522205, 0, 0.000570353047015196, 0, 4.00005447018502, 0, 5724188870201.74, 0
0.0038, 0, 1.58130858394805, 0, 0.000584287113752459, 0, 4.00004300369886, 0, 27201256016294.2, 0
0.00381, 0, 2.80188468205101, 0, 0.000589928934479221, 0, 4.0000334098311, 0, -19684774949856.1, 0
0.00382, 0, -2.80049771218944, 0, 0.000595592064822651, 0, 4.00004561487656, 0, -22518412909408.2, 0
0.00383, 0, -2.07414668418704, 0, 0.000601755533571157, 0, 4.00005049641612, 0, 26162072337650.5, 0
0.00384, 0, 1.84359827904525, 0, 0.00059831423368257, 0, 4.00006705509906, 0, 717809287476.1, 0
0.00385, 0, -2.49569888056039, 0, 0.000590684156996799, 0, 4.00005711366373, 0, -34844864272840.2, 0
0.00386, 0, -5.97779978143423, 0, 0.000586511011075992, 0, 4.00005000693654, 0, 6801943292842.8, 0
0.00387, 0, -1.22957329689293, 0, 0.000580113915618, 0, 4.00003068605071, 0, 30488288762022.8, 0
0.00388, 0, 1.37664863438884, 0, 0.000570626981905842, 0, 4.00003436187322, 0, -7040146207270.34, 0
0.00389, 0, -1.73172652497528, 0, 0.000565798081140503, 0, 4.00004478493784, 0, -13957943413843.8, 0
0.0039, 0, -0.820697529475901, 0, 0.000566544849285351, 0, 4.00006477380634, 0, 23400377009034.8, 0
0.00391, 0, 3.95170473692861, 0, 0.000565828728773036, 0, 4.00006955334867, 0, 14689995616627, 0
0.00392, 0, 2.63331640164292, 0, 0.00056335642796501, 0, 4.00005865920563, 0, -24440906498404.8, 0
0.00393, 0, -1.48146844751323, 0, 0.000564197349117185, 0, 4.00005353552795, 0, -8713294475886.32, 0
0.00394, 0, 0.128369465313518, 0, 0.000564402275412056, 0, 4.00003506867736, 0, 19608843570314.5, 0
0.00395, 0, 2.7987707558519, 0, 0.000559723565995365, 0, 4.00003691354951, 0, 2258722967738.21, 0
0.00396, 0, 0.83638248927653, 0, 0.000553729648561056, 0, 4.00005415744071, 0, -18058507513909.3, 0
0.00397, 0, -1.43589072674442, 0, 0.000548804444350054, 0, 4.00007576610489, 0, 782011553127.011, 0
0.00398, 0, 1.69752236926886, 0, 0.000542777355503057, 0, 4.00005788469497, 0, 26145152065707.8, 0
0.00399, 0, 4.29527584684214, 0, 0.000529820317579957, 0, 4.00005709801673, 0, -9205989002178.19, 0
0.004, 0, -1.49344489259793, 0, 0.000512419875167877, 0, 4.00004264208701, 0, -37770762185157.5, 0
0.00401, 0, -4.11145525842324, 0, 0.000496316568768897, 0, 4.00004446076025, 0, 16610746021858.7, 0
0.00402, 0, 0.824824895122179, 0, 0.00047057511796625, 0, 4.00005913897513, 0, 14818764974830.2, 0
0.00403, 0, -2.36672185309574, 0, 0.000435387365544365, 0, 4.00003308652651, 0, -40148017072521.1, 0
0.00404, 0, -7.34826614466577, 0, 0.000405090125233061, 0, 4.00004072341547, 0, 3009028051451.22, 0
0.00405, 0, -2.21158489826237, 0, 0.000372081120127604, 0, 4.00004314213092, 0, 33844139700184.8, 0
0.00406, 0, 0.213034970013168, 0, 0.000333355364695278, 0, 4.00004916140416, 0, -10291761392420.4, 0
0.00407, 0, -2.84971857209063, 0, 0.000299906869807988, 0, 4.00006376384402, 0, -11318114659858.9, 0
0.00408, 0, -2.81498199221667, 0, 0.000268092045515451, 0, 4.00005441921832, 0, 8876403661249.88, 0
0.00409, 0, -0.678624889812677, 0, 0.000235856166243026, 0, 4.00002325213473, 0, 11514747192034.2, 0
0.0041, 0, 0.424468010826256, 0, 0.000203816847187259, 0, 4.00002722873909, 0, -4599091532812.77, 0
0.00411, 0, -2.83692796447747, 0, 0.00017126810739816, 0, 4.00005862247013, 0, -22836118032835, 0
0.00412, 0, -3.8872032766746, 0, 0.000145310552941611, 0, 4.00005921147475, 0, 19643782502362.7, 0
0.00413, 0, 2.38045678877524, 0, 0.000119788942573995, 0, 4.0000441476054, 0, 28669820507864, 0
0.00414, 0, 2.28811248477371, 0, 9.14859697450591e-05, 0, 4.00004932401944, 0, -27171014834036.5, 0
0.00415, 0, -2.04737280348745, 0, 7.25772553385918e-05, 0, 4.00004181049381, 0, -1498113527071.25, 0
0.00416, 0, 2.36309327168749, 0, 5.5404942686691e-05, 0, 4.0000372012032, 0, 33594314066440, 0
0.00417, 0, 4.68355311333563, 0, 3.10636750566198e-05, 0, 4.00005271460221, 0, -16040202021534.4, 0
0.00418, 0, -1.14099235723327, 0, 7.79074285238298e-06, 0, 4.0000319554, 0, -30492223696701.2, 0
0.00419, 0, -3.16407638255737, 0, -1.54757149033343e-05, 0, 4.00003805796068, 0, 10215968997505.1, 0
0.0042, 0, 0.174196801293575, 0, -4.47535753187108e-05, 0, 4.00004063000754, 0, 14527297181092.8, 0
0.00421, 0, -0.258504873184972, 0, -7.92899446870824e-05, 0, 4.00006639549512, 0, -19333631303262.4, 0
0.00422, 0, -4.46102107538356, 0, -0.000113300101304637, 0, 4.00007151308183, 0, -13349508026032.4, 0
0.00423, 0, -2.89783712250988, 0, -0.000145318579140293, 0, 4.00005646103848, 0, 26355613173882.6, 0
0.00424, 0, 1.26535663911771, 0, -0.00018259958335764, 0, 4.00003907280543, 0, 5180874539011.86, 0
0.00425, 0, -1.75293355859387, 0, -0.00022145543005415, 0, 4.00003603502623, 0, -27932210891312.9, 0
0.00426, 0, -5.04135526808743, 0, -0.000256308988951044, 0, 4.00004597548633, 0, -105221931879.133, 0
0.00427, 0, -2.74437349113494, 0, -0.000293402423737031, 0, 4.00005993748695, 0, 16107004945110.5, 0
0.00428, 0, -1.38746864155646, 0, -0.000332331629736629, 0, 4.00005612525939, 0, -4411198006945.34, 0
0.00429, 0, -3.83720999951519, 0, -0.000368803412412468, 0, 4.00005861389455, 0, -16234547060627.7, 0
0.0043, 0, -4.84097059055637, 0, -0.00039945197604487, 0, 4.0000685492248, 0, 12401320940523, 0
0.00431, 0, 0.694448532426256, 0, -0.000424463437680936, 0, 4.00004131005605, 0, 35209502298078.1, 0
0.00432, 0, 3.33142507198982, 0, -0.000449888327188909, 0, 4.00005067648393, 0, -15018583891794.2, 0
0.00433, 0, -1.91994281255176, 0, -0.00046745539812267, 0, 4.00005399842129, 0, -20501464709896.7, 0
0.00434, 0, 0.17939853171525, 0, -0.000475735029204907, 0, 4.00006667290954, 0, 37196744797701.5, 0
0.00435, 0, 5.19656128486559, 0, -0.000489943841642668, 0, 4.00006368582731, 0, -2195721762182.54, 0
0.00436, 0, -0.350268915555615, 0, -0.000502469477786542, 0, 4.00005574280675, 0, -37821248182053.3, 0
0.00437, 0, -2.70783076378338, 0, -0.00050711843151376, 0, 4.00004099612672, 0, 16976312028368.9, 0
0.00438, 0, 2.10923727733505, 0, -0.000516141121902637, 0, 4.00004515678071, 0, 18452140174351.5, 0
0.00439, 0, 2.14819777494825, 0, -0.000525760120074062, 0, 4.00007596051427, 0, -13304629344140.5, 0
0.0044, 0, -0.236017929015515, 0, -0.000531599993066697, 0, 4.00008603949008, 0, -7405002660009.71, 0
0.00441, 0, -0.350661537837517, 0, -0.000537625800149131, 0, 4.00005520570191, 0, 6090939101112.48, 0
0.00442, 0, 1.72869496536774, 0, -0.00054409299221472, 0, 4.00006286208604, 0, 11588055632976.8, 0
0.00443, 0, 1.38068750086413, 0, -0.000555566859828328, 0, 4.00005507587517, 0, -20402270002676.1, 0
0.00444, 0, -4.34745734289765, 0, -0.000568088183064774, 0, 4.00007189213699, 0, -25912627839278.6, 0
0.00445, 0, -4.26806364232913, 0, -0.000577554041116857, 0, 4.00007358613718, 0, 26144539277609.8, 0
0.00446, 0, 0.55173704918161, 0, -0.00059318975841829, 0, 4.00005043954602, 0, 7685411769508.21, 0
0.00447, 0, -2.8272275712221, 0, -0.000609028681320763, 0, 4.00007030678726, 0, -31161149443043, 0
0.00448, 0, -5.07623933800077, 0, -0.000615052330594433, 0, 4.00004679954051, 0, 16634978410796, 0
0.00449, 0, 1.17363687193111, 0, -0.000619701980671673, 0, 4.00005669869306, 0, 32382806849338.5, 0
0.0045, 0, 2.63800512953157, 0, -0.000624570439856816, 0, 4.00006235453644, 0, -17858270641241.8, 0
0.00451, 0, -1.96020191821484, 0, -0.000621638915307337, 0, 4.00006081999991, 0, -16921101426621.2, 0
0.00452, 0, -1.22538827728061, 0, -0.000612800472038729, 0, 4.00007839145314, 0, 21782660952046.7, 0
0.00453, 0, 2.77059479038424, 0, -0.000604436963147574, 0, 4.00005836888931, 0, 9641797324637.75, 0
0.00454, 0, 1.08119339572607, 0, -0.00059425162555708, 0, 4.00005807763754, 0, -22006867487789.1, 0
0.00455, 0, -1.69636648063637, 0, -0.00057610993790619, 0, 4.00005623912036, 0, 2163991117844.44, 0
0.00456, 0, 2.18415020000129, 0, -0.00055352110378586, 0, 4.00006631684124, 0, 30132241367412.3, 0
0.00457, 0, 5.70399355940096, 0, -0.000531163463848697, 0, 4.00009426976751, 0, -67708485457.3926, 0
0.00458, 0, 2.88425201843992, 0, -0.000504974231054653, 0, 4.00008179263942, 0, -20721802101913.8, 0
0.00459, 0, 0.994122693284442, 0, -0.000474657383335523, 0, 4.00005589405413, 0, 4543679234638.55, 0
0.0046, 0, 3.46856920846045, 0, -0.000446259002621862, 0, 4.00005120577259, 0, 13647150863006.2, 0
0.00461, 0, 3.42354884355931, 0, -0.000422746641518812, 0, 4.00007990372109, 0, -17386673667589.8, 0
0.00462, 0, -1.70696435912826, 0, -0.0004008540975618, 0, 4.00009399897743, 0, -26209895823174.1, 0
0.00463, 0, -2.81890038835346, 0, -0.000377323591699302, 0, 4.00006649197563, 0, 17934741062213, 0
0.00464, 0, 2.22360628948311, 0, -0.000357992449517686, 0, 4.00005650828508, 0, 19732700972812, 0
0.00465, 0, 0.958136173615216, 0, -0.00034315631244093, 0, 4.0000570424987, 0, -29919787230644.3, 0
0.00466, 0, -3.67277047840069, 0, -0.000322055292245596, 0, 4.00006790996498, 0, -2596956025911.98, 0
0.00467, 0, 0.783052562154147, 0, -0.000299538680071257, 0, 4.00009184031488, 0, 35344886754627.1, 0
0.00468, 0, 3.21863453120631, 0, -0.000283966186991546, 0, 4.00006992005037, 0, -17940388151417.2, 0
0.00469, 0, -2.88594278368959, 0, -0.000264797205484794, 0, 4.00007004626064, 0, -27818273578510.7, 0
0.0047, 0, -3.158433211979, 0, -0.000240779104054664, 0, 4.00007323636543, 0, 22276712016323.1, 0
0.00471, 0, 1.18292726513237, 0, -0.000220230326330423, 0, 4.00006442165522, 0, 11967065428032.2, 0
0.00472, 0, 0.665702759977735, 0, -0.000197045528896781, 0, 4.00004737757359, 0, -11328186729416.1, 0
0.00473, 0, -0.635884059920638, 0, -0.000167102215560057, 0, 4.00007398633861, 0, 1176880946869.22, 0
0.00474, 0, 1.33939966516926, 0, -0.000132672443938738, 0, 4.00008524150531, 0, 18590379925987.4, 0
0.00475, 0, 5.28971696600896, 0, -9.4591779950997e-05, 0, 4.00008114181771, 0, 16386631740734.1, 0
0.00476, 0, 5.01049810834045, 0, -5.64579033032683e-05, 0, 4.00008348776805, 0, -21111765445451.9, 0
0.00477, 0, 0.303345099381161, 0, -1.4470385081709e-05, 0, 4.00006574208329, 0, -13816673576355.9, 0
0.00478, 0, 2.52277324094287, 0, 3.05715983397742e-05, 0, 4.00005423422619, 0, 30274478234064.2, 0
0.00479, 0, 5.7025569898599, 0, 6.74193540475214e-05, 0, 4.00007251071941, 0, -10483959183085.4, 0
0.0048, 0, -0.274004241965412, 0, 0.000103632510672067, 0, 4.00007004779289, 0, -33854933977406.1, 0
0.00481, 0, -1.07877128702774, 0, 0.000145261455530043, 0, 4.00007381055712, 0, 27437696045031.7, 0
0.00482, 0, 5.06959415303014, 0, 0.000179631266750911, 0, 4.00006786942629, 0, 18378284732185.5, 0
0.00483, 0, 3.24260849798887, 0, 0.00020968151927086, 0, 4.00006063944088, 0, -29786778612981, 0
0.00484, 0, -1.1833922110274, 0, 0.000242768005907904, 0, 4.00006265543629, 0, -6804063030482.78, 0
0.00485, 0, 0.530576284697007, 0, 0.000271479383726596, 0, 4.00009417087501, 0, 16707798120783.4, 0
0.00486, 0, 1.96764828784313, 0, 0.000293024956569309, 0, 4.00009140560666, 0, -6623789349156.34, 0
0.00487, 0, -1.71221955562548, 0, 0.000310757408399127, 0, 4.00007134549917, 0, -25800857681555.4, 0
0.00488, 0, -4.66118027912094, 0, 0.000328338873714067, 0, 4.00008123053004, 0, 1863427062052.01, 0
0.00489, 0, -1.12484146353728, 0, 0.000344908981871335, 0, 4.00005389997643, 0, 26651915758767.5, 0
0.0049, 0, 1.46688628330237, 0, 0.00035755242246339, 0, 4.00005817865377, 0, -5344383893343.49, 0
0.00491, 0, -1.55410716552606, 0, 0.000373652825532645, 0, 4.00007324363203, 0, -14864468859169.9, 0
0.00492, 0, -0.95763980114423, 0, 0.000395502908659444, 0, 4.00011448130522, 0, 21236359867990.4, 0
0.00493, 0, 3.56933565089951, 0, 0.00041578727388507, 0, 4.00011281352615, 0, 15536984029002.2, 0
0.00494, 0, 2.84248732065862, 0, 0.000435239549467299, 0, 4.00009646415126, 0, -21261704563272.3, 0
0.00495, 0, -1.5413178450929, 0, 0.000457741222432965, 0, 4.00007070501711, 0, -14204883177711.7, 0
0.00496, 0, -0.1874261165925, 0, 0.000482570581752618, 0, 4.00004622288819, 0, 26467611793675.2, 0
0.00497, 0, 4.56406799885172, 0, 0.0005039691162169, 0, 4.00005599200293, 0, 9567397460085.98, 0
0.00498, 0, 1.65039036353882, 0, 0.000523396604445755, 0, 4.00007435048141, 0, -30944176307167.4, 0
0.00499, 0, -1.00968698432654, 0, 0.000550064651087813, 0, 4.00011048438209, 0, 14821811128522.1, 0
0.005, 0, 5.30007740282733, 0, 0.000574550327654302, 0, 4.00008483816111, 0, 31900327563197.4, 0
